/*
 Navicat Premium Data Transfer

 Source Server         : 钉钉
 Source Server Type    : MySQL
 Source Server Version : 50728
 Source Host           : 172.16.1.229:3306
 Source Schema         : dingding

 Target Server Type    : MySQL
 Target Server Version : 50728
 File Encoding         : 65001

 Date: 27/02/2024 17:33:23
*/

SET NAMES utf8mb4;
SET FOREIGN_KEY_CHECKS = 0;

-- ----------------------------
-- Table structure for ACT_EVT_LOG
-- ----------------------------
DROP TABLE IF EXISTS `ACT_EVT_LOG`;
CREATE TABLE `ACT_EVT_LOG`  (
  `LOG_NR_` bigint(20) NOT NULL AUTO_INCREMENT,
  `TYPE_` varchar(64) CHARACTER SET utf8 COLLATE utf8_bin NULL DEFAULT NULL,
  `PROC_DEF_ID_` varchar(64) CHARACTER SET utf8 COLLATE utf8_bin NULL DEFAULT NULL,
  `PROC_INST_ID_` varchar(64) CHARACTER SET utf8 COLLATE utf8_bin NULL DEFAULT NULL,
  `EXECUTION_ID_` varchar(64) CHARACTER SET utf8 COLLATE utf8_bin NULL DEFAULT NULL,
  `TASK_ID_` varchar(64) CHARACTER SET utf8 COLLATE utf8_bin NULL DEFAULT NULL,
  `TIME_STAMP_` timestamp(3) NOT NULL DEFAULT CURRENT_TIMESTAMP(3) ON UPDATE CURRENT_TIMESTAMP(3),
  `USER_ID_` varchar(255) CHARACTER SET utf8 COLLATE utf8_bin NULL DEFAULT NULL,
  `DATA_` longblob NULL,
  `LOCK_OWNER_` varchar(255) CHARACTER SET utf8 COLLATE utf8_bin NULL DEFAULT NULL,
  `LOCK_TIME_` timestamp(3) NULL DEFAULT NULL,
  `IS_PROCESSED_` tinyint(4) NULL DEFAULT 0,
  PRIMARY KEY (`LOG_NR_`) USING BTREE
) ENGINE = InnoDB AUTO_INCREMENT = 1 CHARACTER SET = utf8 COLLATE = utf8_bin ROW_FORMAT = DYNAMIC;

-- ----------------------------
-- Records of ACT_EVT_LOG
-- ----------------------------

-- ----------------------------
-- Table structure for ACT_GE_BYTEARRAY
-- ----------------------------
DROP TABLE IF EXISTS `ACT_GE_BYTEARRAY`;
CREATE TABLE `ACT_GE_BYTEARRAY`  (
  `ID_` varchar(64) CHARACTER SET utf8 COLLATE utf8_bin NOT NULL,
  `REV_` int(11) NULL DEFAULT NULL,
  `NAME_` varchar(255) CHARACTER SET utf8 COLLATE utf8_bin NULL DEFAULT NULL,
  `DEPLOYMENT_ID_` varchar(64) CHARACTER SET utf8 COLLATE utf8_bin NULL DEFAULT NULL,
  `BYTES_` longblob NULL,
  `GENERATED_` tinyint(4) NULL DEFAULT NULL,
  PRIMARY KEY (`ID_`) USING BTREE,
  INDEX `ACT_FK_BYTEARR_DEPL`(`DEPLOYMENT_ID_`) USING BTREE,
  CONSTRAINT `ACT_FK_BYTEARR_DEPL` FOREIGN KEY (`DEPLOYMENT_ID_`) REFERENCES `ACT_RE_DEPLOYMENT` (`ID_`) ON DELETE RESTRICT ON UPDATE RESTRICT
) ENGINE = InnoDB CHARACTER SET = utf8 COLLATE = utf8_bin ROW_FORMAT = DYNAMIC;

-- ----------------------------
-- Records of ACT_GE_BYTEARRAY
-- ----------------------------
INSERT INTO `ACT_GE_BYTEARRAY` VALUES ('6de0f782-d54a-11ee-be0a-00ff2cf49c4a', 1, 'processes/test.bpmn20.xml', '6de0f781-d54a-11ee-be0a-00ff2cf49c4a', 0x3C3F786D6C2076657273696F6E3D22312E302220656E636F64696E673D225554462D38223F3E0D0A3C646566696E6974696F6E7320786D6C6E733D22687474703A2F2F7777772E6F6D672E6F72672F737065632F42504D4E2F32303130303532342F4D4F44454C2220786D6C6E733A7873693D22687474703A2F2F7777772E77332E6F72672F323030312F584D4C536368656D612D696E7374616E63652220786D6C6E733A7873643D22687474703A2F2F7777772E77332E6F72672F323030312F584D4C536368656D612220786D6C6E733A61637469766974693D22687474703A2F2F61637469766974692E6F72672F62706D6E2220786D6C6E733A62706D6E64693D22687474703A2F2F7777772E6F6D672E6F72672F737065632F42504D4E2F32303130303532342F44492220786D6C6E733A6F6D6764633D22687474703A2F2F7777772E6F6D672E6F72672F737065632F44442F32303130303532342F44432220786D6C6E733A6F6D6764693D22687474703A2F2F7777772E6F6D672E6F72672F737065632F44442F32303130303532342F44492220747970654C616E67756167653D22687474703A2F2F7777772E77332E6F72672F323030312F584D4C536368656D61222065787072657373696F6E4C616E67756167653D22687474703A2F2F7777772E77332E6F72672F313939392F585061746822207461726765744E616D6573706163653D22687474703A2F2F7777772E61637469766974692E6F72672F70726F63657373646566223E0D0A20203C70726F636573732069643D226D7950726F6A65637422206E616D653D22E9A1B9E79BAEE5AEA1E689B9E6B581E7A88B2220697345786563757461626C653D2274727565223E0D0A202020203C73746172744576656E742069643D225F3122206E616D653D2273746172744576656E74222F3E0D0A202020203C757365725461736B2069643D225F3222206E616D653D22E5B9B3E58FB0E983A8E5AEA1E689B9222061637469766974693A61737369676E65653D22363631323631343333222F3E0D0A202020203C757365725461736B2069643D225F3322206E616D653D22E4BAA7E59381E983A8E5AEA1E689B9222061637469766974693A61737369676E65653D22363631323632353639222F3E0D0A202020203C73657175656E6365466C6F772069643D227369642D36613637643234322D623633362D343030382D396630352D6131303833653137346138662220736F757263655265663D225F3222207461726765745265663D225F33222F3E0D0A202020203C757365725461736B2069643D225F3422206E616D653D22E696B9E6A188E983A8E5AEA1E689B9222061637469766974693A61737369676E65653D22313037373730313930222F3E0D0A202020203C73657175656E6365466C6F772069643D227369642D32613566386566662D343235652D346234332D626165322D6334363036623161383236362220736F757263655265663D225F3322207461726765745265663D225F34222F3E0D0A202020203C73657175656E6365466C6F772069643D227369642D38323233383033652D626461652D346163362D613536652D3535373766386362353264622220736F757263655265663D225F3122207461726765745265663D225F32222F3E0D0A202020203C757365725461736B2069643D225F3522206E616D653D22E4BAA4E4BB98E983A8E5AEA1E689B9222061637469766974693A61737369676E65653D22353435313432303939222F3E0D0A202020203C73657175656E6365466C6F772069643D227369642D65613433613563312D666337642D343830362D616635612D6461313434373735383938352220736F757263655265663D225F3422207461726765745265663D225F35222F3E0D0A202020203C757365725461736B2069643D225F3622206E616D653D22E58CBAE59F9FE983A8E5AEA1E689B9222061637469766974693A61737369676E65653D22363632323238323337222F3E0D0A202020203C73657175656E6365466C6F772069643D227369642D36623830313538312D363936652D343737312D383236352D3534366131366138616237302220736F757263655265663D225F3522207461726765745265663D225F36222F3E0D0A202020203C757365725461736B2069643D225F3722206E616D653D22E7949FE68081E983A8E5AEA1E689B9222061637469766974693A61737369676E65653D22393035393932303632222F3E0D0A202020203C757365725461736B2069643D225F3822206E616D653D22E8B4A2E58AA1E983A8E5AEA1E689B9222061637469766974693A61737369676E65653D22313037373730303831222F3E0D0A202020203C73657175656E6365466C6F772069643D227369642D38336332636461302D663864372D343966622D393236622D3966363266346132323531652220736F757263655265663D225F3722207461726765745265663D225F38222F3E0D0A202020203C73657175656E6365466C6F772069643D227369642D65653734363165622D396164322D343732642D393063372D3135393137383162373666342220736F757263655265663D225F3622207461726765745265663D225F37222F3E0D0A202020203C757365725461736B2069643D225F3922206E616D653D22E59586E58AA1E983A8E5AEA1E689B9222061637469766974693A61737369676E65653D22313037373730333130222F3E0D0A202020203C73657175656E6365466C6F772069643D227369642D36663835323532332D626137612D343238362D623161392D6339313566396662633833372220736F757263655265663D225F3822207461726765745265663D225F39222F3E0D0A202020203C656E644576656E742069643D225F313022206E616D653D22656E644576656E74222F3E0D0A202020203C73657175656E6365466C6F772069643D227369642D33646135656430322D663236662D346430332D383336652D3933326237666164643839652220736F757263655265663D225F3922207461726765745265663D225F3130222F3E0D0A20203C2F70726F636573733E0D0A20203C62706D6E64693A42504D4E4469616772616D2069643D2242504D4E4469616772616D5F74657374223E0D0A202020203C62706D6E64693A42504D4E506C616E652062706D6E456C656D656E743D226D7950726F6A656374222069643D2242504D4E506C616E655F74657374223E0D0A2020202020203C62706D6E64693A42504D4E53686170652069643D2273686170652D62626237316631632D343662392D346262302D386538322D636564633664636364666363222062706D6E456C656D656E743D225F31223E0D0A20202020202020203C6F6D6764633A426F756E647320783D2232302E302220793D222D3131302E30222077696474683D2233302E3022206865696768743D2233302E30222F3E0D0A2020202020203C2F62706D6E64693A42504D4E53686170653E0D0A2020202020203C62706D6E64693A42504D4E53686170652069643D2273686170652D34643536366636372D613135312D343736652D623831322D663535343563353366616537222062706D6E456C656D656E743D225F32223E0D0A20202020202020203C6F6D6764633A426F756E647320783D222D372E3439393939362220793D222D36302E30222077696474683D2238352E3022206865696768743D2234302E30222F3E0D0A2020202020203C2F62706D6E64693A42504D4E53686170653E0D0A2020202020203C62706D6E64693A42504D4E53686170652069643D2273686170652D34323239303064392D353666352D346339312D396139612D616164656335653962356432222062706D6E456C656D656E743D225F33223E0D0A20202020202020203C6F6D6764633A426F756E647320783D222D352E302220793D22302E30222077696474683D2238352E3022206865696768743D2233352E30222F3E0D0A2020202020203C2F62706D6E64693A42504D4E53686170653E0D0A2020202020203C62706D6E64693A42504D4E456467652069643D22656467652D31396339356432332D643334612D346338312D393133332D663339646134666366656163222062706D6E456C656D656E743D227369642D36613637643234322D623633362D343030382D396630352D613130383365313734613866223E0D0A20202020202020203C6F6D6764693A776179706F696E7420783D2233352E3030303030342220793D222D32302E30222F3E0D0A20202020202020203C6F6D6764693A776179706F696E7420783D2233372E352220793D22302E30222F3E0D0A2020202020203C2F62706D6E64693A42504D4E456467653E0D0A2020202020203C62706D6E64693A42504D4E53686170652069643D2273686170652D61643834303439302D316136362D343562652D383236312D326239336535326436363139222062706D6E456C656D656E743D225F34223E0D0A20202020202020203C6F6D6764633A426F756E647320783D222D322E352220793D2234352E30222077696474683D2238302E3022206865696768743D2233302E30222F3E0D0A2020202020203C2F62706D6E64693A42504D4E53686170653E0D0A2020202020203C62706D6E64693A42504D4E456467652069643D22656467652D34316232653039362D363365652D346666342D393737642D356561336136336337336435222062706D6E456C656D656E743D227369642D32613566386566662D343235652D346234332D626165322D633436303662316138323636223E0D0A20202020202020203C6F6D6764693A776179706F696E7420783D2233372E352220793D2233352E30222F3E0D0A20202020202020203C6F6D6764693A776179706F696E7420783D2233372E352220793D2234352E30222F3E0D0A2020202020203C2F62706D6E64693A42504D4E456467653E0D0A2020202020203C62706D6E64693A42504D4E456467652069643D22656467652D61323737323733362D633364332D343237362D383066632D356365366662353338303639222062706D6E456C656D656E743D227369642D38323233383033652D626461652D346163362D613536652D353537376638636235326462223E0D0A20202020202020203C6F6D6764693A776179706F696E7420783D2233352E302220793D222D38302E30222F3E0D0A20202020202020203C6F6D6764693A776179706F696E7420783D2233352E3030303030342220793D222D36302E30222F3E0D0A2020202020203C2F62706D6E64693A42504D4E456467653E0D0A2020202020203C62706D6E64693A42504D4E53686170652069643D2273686170652D65636363613038642D396364652D343734632D616139342D316139343662643639383638222062706D6E456C656D656E743D225F35223E0D0A20202020202020203C6F6D6764633A426F756E647320783D222D322E353030303033382220793D2238352E30222077696474683D2238302E3022206865696768743D2233302E30222F3E0D0A2020202020203C2F62706D6E64693A42504D4E53686170653E0D0A2020202020203C62706D6E64693A42504D4E456467652069643D22656467652D33346531336265352D323235612D343936642D623330312D343961313532616235626330222062706D6E456C656D656E743D227369642D65613433613563312D666337642D343830362D616635612D646131343437373538393835223E0D0A20202020202020203C6F6D6764693A776179706F696E7420783D2233372E352220793D2237352E30222F3E0D0A20202020202020203C6F6D6764693A776179706F696E7420783D2233372E352220793D2238352E30222F3E0D0A2020202020203C2F62706D6E64693A42504D4E456467653E0D0A2020202020203C62706D6E64693A42504D4E53686170652069643D2273686170652D62613133323639622D666265392D343132382D626538302D653632653961323833343463222062706D6E456C656D656E743D225F36223E0D0A20202020202020203C6F6D6764633A426F756E647320783D222D332E38313436393733452D362220793D223133302E30222077696474683D2237352E3022206865696768743D2233302E30222F3E0D0A2020202020203C2F62706D6E64693A42504D4E53686170653E0D0A2020202020203C62706D6E64693A42504D4E456467652069643D22656467652D39383161386330652D653839312D346633312D393066612D396636643765303830326133222062706D6E456C656D656E743D227369642D36623830313538312D363936652D343737312D383236352D353436613136613861623730223E0D0A20202020202020203C6F6D6764693A776179706F696E7420783D2233372E3439393939362220793D223131352E30222F3E0D0A20202020202020203C6F6D6764693A776179706F696E7420783D2233372E3439393939362220793D223133302E30222F3E0D0A2020202020203C2F62706D6E64693A42504D4E456467653E0D0A2020202020203C62706D6E64693A42504D4E53686170652069643D2273686170652D36333734346534622D353536302D346563632D383765322D643964393161383231363537222062706D6E456C656D656E743D225F37223E0D0A20202020202020203C6F6D6764633A426F756E647320783D222D352E303030303037362220793D223137352E30222077696474683D2238352E3022206865696768743D2233302E30222F3E0D0A2020202020203C2F62706D6E64693A42504D4E53686170653E0D0A2020202020203C62706D6E64693A42504D4E53686170652069643D2273686170652D63363561313436392D333361662D343233662D626238642D353261313164376637333435222062706D6E456C656D656E743D225F38223E0D0A20202020202020203C6F6D6764633A426F756E647320783D222D31322E3530303030382220793D223232302E30222077696474683D223130302E3022206865696768743D2233302E30222F3E0D0A2020202020203C2F62706D6E64693A42504D4E53686170653E0D0A2020202020203C62706D6E64693A42504D4E456467652069643D22656467652D61376261343238622D383431362D343234342D383766332D636163323461623162623165222062706D6E456C656D656E743D227369642D38336332636461302D663864372D343966622D393236622D396636326634613232353165223E0D0A20202020202020203C6F6D6764693A776179706F696E7420783D2233372E3439393939322220793D223230352E30222F3E0D0A20202020202020203C6F6D6764693A776179706F696E7420783D2233372E3439393939322220793D223232302E30222F3E0D0A2020202020203C2F62706D6E64693A42504D4E456467653E0D0A2020202020203C62706D6E64693A42504D4E456467652069643D22656467652D35323031653262352D646139382D343731382D383066352D386433346137386464326462222062706D6E456C656D656E743D227369642D65653734363165622D396164322D343732642D393063372D313539313738316237366634223E0D0A20202020202020203C6F6D6764693A776179706F696E7420783D2237352E302220793D223134352E30222F3E0D0A20202020202020203C6F6D6764693A776179706F696E7420783D2237392E39393939392220793D223139302E30222F3E0D0A2020202020203C2F62706D6E64693A42504D4E456467653E0D0A2020202020203C62706D6E64693A42504D4E53686170652069643D2273686170652D30313732333866662D316335382D346666372D623239302D616531316663313535303266222062706D6E456C656D656E743D225F39223E0D0A20202020202020203C6F6D6764633A426F756E647320783D222D31322E3530303030382220793D223236352E30222077696474683D223130302E3022206865696768743D2233302E30222F3E0D0A2020202020203C2F62706D6E64693A42504D4E53686170653E0D0A2020202020203C62706D6E64693A42504D4E456467652069643D22656467652D30323730306135372D333339612D343262372D613462612D613664383332663435666437222062706D6E456C656D656E743D227369642D36663835323532332D626137612D343238362D623161392D633931356639666263383337223E0D0A20202020202020203C6F6D6764693A776179706F696E7420783D2233372E3439393939322220793D223235302E30222F3E0D0A20202020202020203C6F6D6764693A776179706F696E7420783D2233372E3439393939322220793D223236352E30222F3E0D0A2020202020203C2F62706D6E64693A42504D4E456467653E0D0A2020202020203C62706D6E64693A42504D4E53686170652069643D2273686170652D39336134633936662D373732392D343536352D396161652D653230613838323037636266222062706D6E456C656D656E743D225F3130223E0D0A20202020202020203C6F6D6764633A426F756E647320783D2232322E3439393939322220793D223332302E30222077696474683D2233302E3022206865696768743D2233302E30222F3E0D0A2020202020203C2F62706D6E64693A42504D4E53686170653E0D0A2020202020203C62706D6E64693A42504D4E456467652069643D22656467652D66353930323731322D623462342D346362332D623335662D616539323966623466356565222062706D6E456C656D656E743D227369642D33646135656430322D663236662D346430332D383336652D393332623766616464383965223E0D0A20202020202020203C6F6D6764693A776179706F696E7420783D2233372E3439393939322220793D223239352E30222F3E0D0A20202020202020203C6F6D6764693A776179706F696E7420783D2233372E3439393939322220793D223332302E30222F3E0D0A2020202020203C2F62706D6E64693A42504D4E456467653E0D0A202020203C2F62706D6E64693A42504D4E506C616E653E0D0A20203C2F62706D6E64693A42504D4E4469616772616D3E0D0A3C2F646566696E6974696F6E733E0D0A, 0);

-- ----------------------------
-- Table structure for ACT_GE_PROPERTY
-- ----------------------------
DROP TABLE IF EXISTS `ACT_GE_PROPERTY`;
CREATE TABLE `ACT_GE_PROPERTY`  (
  `NAME_` varchar(64) CHARACTER SET utf8 COLLATE utf8_bin NOT NULL,
  `VALUE_` varchar(300) CHARACTER SET utf8 COLLATE utf8_bin NULL DEFAULT NULL,
  `REV_` int(11) NULL DEFAULT NULL,
  PRIMARY KEY (`NAME_`) USING BTREE
) ENGINE = InnoDB CHARACTER SET = utf8 COLLATE = utf8_bin ROW_FORMAT = DYNAMIC;

-- ----------------------------
-- Records of ACT_GE_PROPERTY
-- ----------------------------
INSERT INTO `ACT_GE_PROPERTY` VALUES ('cfg.execution-related-entities-count', 'false', 1);
INSERT INTO `ACT_GE_PROPERTY` VALUES ('next.dbid', '1', 1);
INSERT INTO `ACT_GE_PROPERTY` VALUES ('schema.history', 'create(7.1.0-M6)', 1);
INSERT INTO `ACT_GE_PROPERTY` VALUES ('schema.version', '7.1.0-M6', 1);

-- ----------------------------
-- Table structure for ACT_HI_ACTINST
-- ----------------------------
DROP TABLE IF EXISTS `ACT_HI_ACTINST`;
CREATE TABLE `ACT_HI_ACTINST`  (
  `ID_` varchar(64) CHARACTER SET utf8 COLLATE utf8_bin NOT NULL,
  `PROC_DEF_ID_` varchar(64) CHARACTER SET utf8 COLLATE utf8_bin NOT NULL,
  `PROC_INST_ID_` varchar(64) CHARACTER SET utf8 COLLATE utf8_bin NOT NULL,
  `EXECUTION_ID_` varchar(64) CHARACTER SET utf8 COLLATE utf8_bin NOT NULL,
  `ACT_ID_` varchar(255) CHARACTER SET utf8 COLLATE utf8_bin NOT NULL,
  `TASK_ID_` varchar(64) CHARACTER SET utf8 COLLATE utf8_bin NULL DEFAULT NULL,
  `CALL_PROC_INST_ID_` varchar(64) CHARACTER SET utf8 COLLATE utf8_bin NULL DEFAULT NULL,
  `ACT_NAME_` varchar(255) CHARACTER SET utf8 COLLATE utf8_bin NULL DEFAULT NULL,
  `ACT_TYPE_` varchar(255) CHARACTER SET utf8 COLLATE utf8_bin NOT NULL,
  `ASSIGNEE_` varchar(255) CHARACTER SET utf8 COLLATE utf8_bin NULL DEFAULT NULL,
  `START_TIME_` datetime(3) NOT NULL,
  `END_TIME_` datetime(3) NULL DEFAULT NULL,
  `DURATION_` bigint(20) NULL DEFAULT NULL,
  `DELETE_REASON_` varchar(4000) CHARACTER SET utf8 COLLATE utf8_bin NULL DEFAULT NULL,
  `TENANT_ID_` varchar(255) CHARACTER SET utf8 COLLATE utf8_bin NULL DEFAULT '',
  PRIMARY KEY (`ID_`) USING BTREE,
  INDEX `ACT_IDX_HI_ACT_INST_START`(`START_TIME_`) USING BTREE,
  INDEX `ACT_IDX_HI_ACT_INST_END`(`END_TIME_`) USING BTREE,
  INDEX `ACT_IDX_HI_ACT_INST_PROCINST`(`PROC_INST_ID_`, `ACT_ID_`) USING BTREE,
  INDEX `ACT_IDX_HI_ACT_INST_EXEC`(`EXECUTION_ID_`, `ACT_ID_`) USING BTREE
) ENGINE = InnoDB CHARACTER SET = utf8 COLLATE = utf8_bin ROW_FORMAT = DYNAMIC;

-- ----------------------------
-- Records of ACT_HI_ACTINST
-- ----------------------------
INSERT INTO `ACT_HI_ACTINST` VALUES ('af327640-d54a-11ee-9451-00ff2cf49c4a', 'myProject:1:6df7b3d3-d54a-11ee-be0a-00ff2cf49c4a', 'af32010e-d54a-11ee-9451-00ff2cf49c4a', 'af324f2f-d54a-11ee-9451-00ff2cf49c4a', '_1', NULL, NULL, 'startEvent', 'startEvent', NULL, '2024-02-27 16:32:03.868', '2024-02-27 16:32:03.872', 4, NULL, '');
INSERT INTO `ACT_HI_ACTINST` VALUES ('af33aec1-d54a-11ee-9451-00ff2cf49c4a', 'myProject:1:6df7b3d3-d54a-11ee-be0a-00ff2cf49c4a', 'af32010e-d54a-11ee-9451-00ff2cf49c4a', 'af324f2f-d54a-11ee-9451-00ff2cf49c4a', '_2', 'af361fc2-d54a-11ee-9451-00ff2cf49c4a', NULL, '平台部审批', 'userTask', '661261433', '2024-02-27 16:32:03.876', NULL, NULL, NULL, '');

-- ----------------------------
-- Table structure for ACT_HI_ATTACHMENT
-- ----------------------------
DROP TABLE IF EXISTS `ACT_HI_ATTACHMENT`;
CREATE TABLE `ACT_HI_ATTACHMENT`  (
  `ID_` varchar(64) CHARACTER SET utf8 COLLATE utf8_bin NOT NULL,
  `REV_` int(11) NULL DEFAULT NULL,
  `USER_ID_` varchar(255) CHARACTER SET utf8 COLLATE utf8_bin NULL DEFAULT NULL,
  `NAME_` varchar(255) CHARACTER SET utf8 COLLATE utf8_bin NULL DEFAULT NULL,
  `DESCRIPTION_` varchar(4000) CHARACTER SET utf8 COLLATE utf8_bin NULL DEFAULT NULL,
  `TYPE_` varchar(255) CHARACTER SET utf8 COLLATE utf8_bin NULL DEFAULT NULL,
  `TASK_ID_` varchar(64) CHARACTER SET utf8 COLLATE utf8_bin NULL DEFAULT NULL,
  `PROC_INST_ID_` varchar(64) CHARACTER SET utf8 COLLATE utf8_bin NULL DEFAULT NULL,
  `URL_` varchar(4000) CHARACTER SET utf8 COLLATE utf8_bin NULL DEFAULT NULL,
  `CONTENT_ID_` varchar(64) CHARACTER SET utf8 COLLATE utf8_bin NULL DEFAULT NULL,
  `TIME_` datetime(3) NULL DEFAULT NULL,
  PRIMARY KEY (`ID_`) USING BTREE
) ENGINE = InnoDB CHARACTER SET = utf8 COLLATE = utf8_bin ROW_FORMAT = DYNAMIC;

-- ----------------------------
-- Records of ACT_HI_ATTACHMENT
-- ----------------------------

-- ----------------------------
-- Table structure for ACT_HI_COMMENT
-- ----------------------------
DROP TABLE IF EXISTS `ACT_HI_COMMENT`;
CREATE TABLE `ACT_HI_COMMENT`  (
  `ID_` varchar(64) CHARACTER SET utf8 COLLATE utf8_bin NOT NULL,
  `TYPE_` varchar(255) CHARACTER SET utf8 COLLATE utf8_bin NULL DEFAULT NULL,
  `TIME_` datetime(3) NOT NULL,
  `USER_ID_` varchar(255) CHARACTER SET utf8 COLLATE utf8_bin NULL DEFAULT NULL,
  `TASK_ID_` varchar(64) CHARACTER SET utf8 COLLATE utf8_bin NULL DEFAULT NULL,
  `PROC_INST_ID_` varchar(64) CHARACTER SET utf8 COLLATE utf8_bin NULL DEFAULT NULL,
  `ACTION_` varchar(255) CHARACTER SET utf8 COLLATE utf8_bin NULL DEFAULT NULL,
  `MESSAGE_` varchar(4000) CHARACTER SET utf8 COLLATE utf8_bin NULL DEFAULT NULL,
  `FULL_MSG_` longblob NULL,
  PRIMARY KEY (`ID_`) USING BTREE
) ENGINE = InnoDB CHARACTER SET = utf8 COLLATE = utf8_bin ROW_FORMAT = DYNAMIC;

-- ----------------------------
-- Records of ACT_HI_COMMENT
-- ----------------------------

-- ----------------------------
-- Table structure for ACT_HI_DETAIL
-- ----------------------------
DROP TABLE IF EXISTS `ACT_HI_DETAIL`;
CREATE TABLE `ACT_HI_DETAIL`  (
  `ID_` varchar(64) CHARACTER SET utf8 COLLATE utf8_bin NOT NULL,
  `TYPE_` varchar(255) CHARACTER SET utf8 COLLATE utf8_bin NOT NULL,
  `PROC_INST_ID_` varchar(64) CHARACTER SET utf8 COLLATE utf8_bin NULL DEFAULT NULL,
  `EXECUTION_ID_` varchar(64) CHARACTER SET utf8 COLLATE utf8_bin NULL DEFAULT NULL,
  `TASK_ID_` varchar(64) CHARACTER SET utf8 COLLATE utf8_bin NULL DEFAULT NULL,
  `ACT_INST_ID_` varchar(64) CHARACTER SET utf8 COLLATE utf8_bin NULL DEFAULT NULL,
  `NAME_` varchar(255) CHARACTER SET utf8 COLLATE utf8_bin NOT NULL,
  `VAR_TYPE_` varchar(255) CHARACTER SET utf8 COLLATE utf8_bin NULL DEFAULT NULL,
  `REV_` int(11) NULL DEFAULT NULL,
  `TIME_` datetime(3) NOT NULL,
  `BYTEARRAY_ID_` varchar(64) CHARACTER SET utf8 COLLATE utf8_bin NULL DEFAULT NULL,
  `DOUBLE_` double NULL DEFAULT NULL,
  `LONG_` bigint(20) NULL DEFAULT NULL,
  `TEXT_` varchar(4000) CHARACTER SET utf8 COLLATE utf8_bin NULL DEFAULT NULL,
  `TEXT2_` varchar(4000) CHARACTER SET utf8 COLLATE utf8_bin NULL DEFAULT NULL,
  PRIMARY KEY (`ID_`) USING BTREE,
  INDEX `ACT_IDX_HI_DETAIL_PROC_INST`(`PROC_INST_ID_`) USING BTREE,
  INDEX `ACT_IDX_HI_DETAIL_ACT_INST`(`ACT_INST_ID_`) USING BTREE,
  INDEX `ACT_IDX_HI_DETAIL_TIME`(`TIME_`) USING BTREE,
  INDEX `ACT_IDX_HI_DETAIL_NAME`(`NAME_`) USING BTREE,
  INDEX `ACT_IDX_HI_DETAIL_TASK_ID`(`TASK_ID_`) USING BTREE
) ENGINE = InnoDB CHARACTER SET = utf8 COLLATE = utf8_bin ROW_FORMAT = DYNAMIC;

-- ----------------------------
-- Records of ACT_HI_DETAIL
-- ----------------------------

-- ----------------------------
-- Table structure for ACT_HI_IDENTITYLINK
-- ----------------------------
DROP TABLE IF EXISTS `ACT_HI_IDENTITYLINK`;
CREATE TABLE `ACT_HI_IDENTITYLINK`  (
  `ID_` varchar(64) CHARACTER SET utf8 COLLATE utf8_bin NOT NULL,
  `GROUP_ID_` varchar(255) CHARACTER SET utf8 COLLATE utf8_bin NULL DEFAULT NULL,
  `TYPE_` varchar(255) CHARACTER SET utf8 COLLATE utf8_bin NULL DEFAULT NULL,
  `USER_ID_` varchar(255) CHARACTER SET utf8 COLLATE utf8_bin NULL DEFAULT NULL,
  `TASK_ID_` varchar(64) CHARACTER SET utf8 COLLATE utf8_bin NULL DEFAULT NULL,
  `PROC_INST_ID_` varchar(64) CHARACTER SET utf8 COLLATE utf8_bin NULL DEFAULT NULL,
  PRIMARY KEY (`ID_`) USING BTREE,
  INDEX `ACT_IDX_HI_IDENT_LNK_USER`(`USER_ID_`) USING BTREE,
  INDEX `ACT_IDX_HI_IDENT_LNK_TASK`(`TASK_ID_`) USING BTREE,
  INDEX `ACT_IDX_HI_IDENT_LNK_PROCINST`(`PROC_INST_ID_`) USING BTREE
) ENGINE = InnoDB CHARACTER SET = utf8 COLLATE = utf8_bin ROW_FORMAT = DYNAMIC;

-- ----------------------------
-- Records of ACT_HI_IDENTITYLINK
-- ----------------------------
INSERT INTO `ACT_HI_IDENTITYLINK` VALUES ('af366de3-d54a-11ee-9451-00ff2cf49c4a', NULL, 'participant', '661261433', NULL, 'af32010e-d54a-11ee-9451-00ff2cf49c4a');

-- ----------------------------
-- Table structure for ACT_HI_PROCINST
-- ----------------------------
DROP TABLE IF EXISTS `ACT_HI_PROCINST`;
CREATE TABLE `ACT_HI_PROCINST`  (
  `ID_` varchar(64) CHARACTER SET utf8 COLLATE utf8_bin NOT NULL,
  `PROC_INST_ID_` varchar(64) CHARACTER SET utf8 COLLATE utf8_bin NOT NULL,
  `BUSINESS_KEY_` varchar(255) CHARACTER SET utf8 COLLATE utf8_bin NULL DEFAULT NULL,
  `PROC_DEF_ID_` varchar(64) CHARACTER SET utf8 COLLATE utf8_bin NOT NULL,
  `START_TIME_` datetime(3) NOT NULL,
  `END_TIME_` datetime(3) NULL DEFAULT NULL,
  `DURATION_` bigint(20) NULL DEFAULT NULL,
  `START_USER_ID_` varchar(255) CHARACTER SET utf8 COLLATE utf8_bin NULL DEFAULT NULL,
  `START_ACT_ID_` varchar(255) CHARACTER SET utf8 COLLATE utf8_bin NULL DEFAULT NULL,
  `END_ACT_ID_` varchar(255) CHARACTER SET utf8 COLLATE utf8_bin NULL DEFAULT NULL,
  `SUPER_PROCESS_INSTANCE_ID_` varchar(64) CHARACTER SET utf8 COLLATE utf8_bin NULL DEFAULT NULL,
  `DELETE_REASON_` varchar(4000) CHARACTER SET utf8 COLLATE utf8_bin NULL DEFAULT NULL,
  `TENANT_ID_` varchar(255) CHARACTER SET utf8 COLLATE utf8_bin NULL DEFAULT '',
  `NAME_` varchar(255) CHARACTER SET utf8 COLLATE utf8_bin NULL DEFAULT NULL,
  PRIMARY KEY (`ID_`) USING BTREE,
  UNIQUE INDEX `PROC_INST_ID_`(`PROC_INST_ID_`) USING BTREE,
  INDEX `ACT_IDX_HI_PRO_INST_END`(`END_TIME_`) USING BTREE,
  INDEX `ACT_IDX_HI_PRO_I_BUSKEY`(`BUSINESS_KEY_`) USING BTREE
) ENGINE = InnoDB CHARACTER SET = utf8 COLLATE = utf8_bin ROW_FORMAT = DYNAMIC;

-- ----------------------------
-- Records of ACT_HI_PROCINST
-- ----------------------------
INSERT INTO `ACT_HI_PROCINST` VALUES ('af32010e-d54a-11ee-9451-00ff2cf49c4a', 'af32010e-d54a-11ee-9451-00ff2cf49c4a', NULL, 'myProject:1:6df7b3d3-d54a-11ee-be0a-00ff2cf49c4a', '2024-02-27 16:32:03.865', NULL, NULL, NULL, '_1', NULL, NULL, NULL, '', NULL);

-- ----------------------------
-- Table structure for ACT_HI_TASKINST
-- ----------------------------
DROP TABLE IF EXISTS `ACT_HI_TASKINST`;
CREATE TABLE `ACT_HI_TASKINST`  (
  `ID_` varchar(64) CHARACTER SET utf8 COLLATE utf8_bin NOT NULL,
  `PROC_DEF_ID_` varchar(64) CHARACTER SET utf8 COLLATE utf8_bin NULL DEFAULT NULL,
  `TASK_DEF_KEY_` varchar(255) CHARACTER SET utf8 COLLATE utf8_bin NULL DEFAULT NULL,
  `PROC_INST_ID_` varchar(64) CHARACTER SET utf8 COLLATE utf8_bin NULL DEFAULT NULL,
  `EXECUTION_ID_` varchar(64) CHARACTER SET utf8 COLLATE utf8_bin NULL DEFAULT NULL,
  `NAME_` varchar(255) CHARACTER SET utf8 COLLATE utf8_bin NULL DEFAULT NULL,
  `PARENT_TASK_ID_` varchar(64) CHARACTER SET utf8 COLLATE utf8_bin NULL DEFAULT NULL,
  `DESCRIPTION_` varchar(4000) CHARACTER SET utf8 COLLATE utf8_bin NULL DEFAULT NULL,
  `OWNER_` varchar(255) CHARACTER SET utf8 COLLATE utf8_bin NULL DEFAULT NULL,
  `ASSIGNEE_` varchar(255) CHARACTER SET utf8 COLLATE utf8_bin NULL DEFAULT NULL,
  `START_TIME_` datetime(3) NOT NULL,
  `CLAIM_TIME_` datetime(3) NULL DEFAULT NULL,
  `END_TIME_` datetime(3) NULL DEFAULT NULL,
  `DURATION_` bigint(20) NULL DEFAULT NULL,
  `DELETE_REASON_` varchar(4000) CHARACTER SET utf8 COLLATE utf8_bin NULL DEFAULT NULL,
  `PRIORITY_` int(11) NULL DEFAULT NULL,
  `DUE_DATE_` datetime(3) NULL DEFAULT NULL,
  `FORM_KEY_` varchar(255) CHARACTER SET utf8 COLLATE utf8_bin NULL DEFAULT NULL,
  `CATEGORY_` varchar(255) CHARACTER SET utf8 COLLATE utf8_bin NULL DEFAULT NULL,
  `TENANT_ID_` varchar(255) CHARACTER SET utf8 COLLATE utf8_bin NULL DEFAULT '',
  PRIMARY KEY (`ID_`) USING BTREE,
  INDEX `ACT_IDX_HI_TASK_INST_PROCINST`(`PROC_INST_ID_`) USING BTREE
) ENGINE = InnoDB CHARACTER SET = utf8 COLLATE = utf8_bin ROW_FORMAT = DYNAMIC;

-- ----------------------------
-- Records of ACT_HI_TASKINST
-- ----------------------------
INSERT INTO `ACT_HI_TASKINST` VALUES ('af361fc2-d54a-11ee-9451-00ff2cf49c4a', 'myProject:1:6df7b3d3-d54a-11ee-be0a-00ff2cf49c4a', '_2', 'af32010e-d54a-11ee-9451-00ff2cf49c4a', 'af324f2f-d54a-11ee-9451-00ff2cf49c4a', '平台部审批', NULL, NULL, NULL, '661261433', '2024-02-27 16:32:03.892', NULL, NULL, NULL, NULL, 50, NULL, NULL, NULL, '');

-- ----------------------------
-- Table structure for ACT_HI_VARINST
-- ----------------------------
DROP TABLE IF EXISTS `ACT_HI_VARINST`;
CREATE TABLE `ACT_HI_VARINST`  (
  `ID_` varchar(64) CHARACTER SET utf8 COLLATE utf8_bin NOT NULL,
  `PROC_INST_ID_` varchar(64) CHARACTER SET utf8 COLLATE utf8_bin NULL DEFAULT NULL,
  `EXECUTION_ID_` varchar(64) CHARACTER SET utf8 COLLATE utf8_bin NULL DEFAULT NULL,
  `TASK_ID_` varchar(64) CHARACTER SET utf8 COLLATE utf8_bin NULL DEFAULT NULL,
  `NAME_` varchar(255) CHARACTER SET utf8 COLLATE utf8_bin NOT NULL,
  `VAR_TYPE_` varchar(100) CHARACTER SET utf8 COLLATE utf8_bin NULL DEFAULT NULL,
  `REV_` int(11) NULL DEFAULT NULL,
  `BYTEARRAY_ID_` varchar(64) CHARACTER SET utf8 COLLATE utf8_bin NULL DEFAULT NULL,
  `DOUBLE_` double NULL DEFAULT NULL,
  `LONG_` bigint(20) NULL DEFAULT NULL,
  `TEXT_` varchar(4000) CHARACTER SET utf8 COLLATE utf8_bin NULL DEFAULT NULL,
  `TEXT2_` varchar(4000) CHARACTER SET utf8 COLLATE utf8_bin NULL DEFAULT NULL,
  `CREATE_TIME_` datetime(3) NULL DEFAULT NULL,
  `LAST_UPDATED_TIME_` datetime(3) NULL DEFAULT NULL,
  PRIMARY KEY (`ID_`) USING BTREE,
  INDEX `ACT_IDX_HI_PROCVAR_PROC_INST`(`PROC_INST_ID_`) USING BTREE,
  INDEX `ACT_IDX_HI_PROCVAR_NAME_TYPE`(`NAME_`, `VAR_TYPE_`) USING BTREE,
  INDEX `ACT_IDX_HI_PROCVAR_TASK_ID`(`TASK_ID_`) USING BTREE
) ENGINE = InnoDB CHARACTER SET = utf8 COLLATE = utf8_bin ROW_FORMAT = DYNAMIC;

-- ----------------------------
-- Records of ACT_HI_VARINST
-- ----------------------------

-- ----------------------------
-- Table structure for ACT_PROCDEF_INFO
-- ----------------------------
DROP TABLE IF EXISTS `ACT_PROCDEF_INFO`;
CREATE TABLE `ACT_PROCDEF_INFO`  (
  `ID_` varchar(64) CHARACTER SET utf8 COLLATE utf8_bin NOT NULL,
  `PROC_DEF_ID_` varchar(64) CHARACTER SET utf8 COLLATE utf8_bin NOT NULL,
  `REV_` int(11) NULL DEFAULT NULL,
  `INFO_JSON_ID_` varchar(64) CHARACTER SET utf8 COLLATE utf8_bin NULL DEFAULT NULL,
  PRIMARY KEY (`ID_`) USING BTREE,
  UNIQUE INDEX `ACT_UNIQ_INFO_PROCDEF`(`PROC_DEF_ID_`) USING BTREE,
  INDEX `ACT_IDX_INFO_PROCDEF`(`PROC_DEF_ID_`) USING BTREE,
  INDEX `ACT_FK_INFO_JSON_BA`(`INFO_JSON_ID_`) USING BTREE,
  CONSTRAINT `ACT_FK_INFO_JSON_BA` FOREIGN KEY (`INFO_JSON_ID_`) REFERENCES `ACT_GE_BYTEARRAY` (`ID_`) ON DELETE RESTRICT ON UPDATE RESTRICT,
  CONSTRAINT `ACT_FK_INFO_PROCDEF` FOREIGN KEY (`PROC_DEF_ID_`) REFERENCES `ACT_RE_PROCDEF` (`ID_`) ON DELETE RESTRICT ON UPDATE RESTRICT
) ENGINE = InnoDB CHARACTER SET = utf8 COLLATE = utf8_bin ROW_FORMAT = DYNAMIC;

-- ----------------------------
-- Records of ACT_PROCDEF_INFO
-- ----------------------------

-- ----------------------------
-- Table structure for ACT_RE_DEPLOYMENT
-- ----------------------------
DROP TABLE IF EXISTS `ACT_RE_DEPLOYMENT`;
CREATE TABLE `ACT_RE_DEPLOYMENT`  (
  `ID_` varchar(64) CHARACTER SET utf8 COLLATE utf8_bin NOT NULL,
  `NAME_` varchar(255) CHARACTER SET utf8 COLLATE utf8_bin NULL DEFAULT NULL,
  `CATEGORY_` varchar(255) CHARACTER SET utf8 COLLATE utf8_bin NULL DEFAULT NULL,
  `KEY_` varchar(255) CHARACTER SET utf8 COLLATE utf8_bin NULL DEFAULT NULL,
  `TENANT_ID_` varchar(255) CHARACTER SET utf8 COLLATE utf8_bin NULL DEFAULT '',
  `DEPLOY_TIME_` timestamp(3) NULL DEFAULT NULL,
  `ENGINE_VERSION_` varchar(255) CHARACTER SET utf8 COLLATE utf8_bin NULL DEFAULT NULL,
  `VERSION_` int(11) NULL DEFAULT 1,
  `PROJECT_RELEASE_VERSION_` varchar(255) CHARACTER SET utf8 COLLATE utf8_bin NULL DEFAULT NULL,
  PRIMARY KEY (`ID_`) USING BTREE
) ENGINE = InnoDB CHARACTER SET = utf8 COLLATE = utf8_bin ROW_FORMAT = DYNAMIC;

-- ----------------------------
-- Records of ACT_RE_DEPLOYMENT
-- ----------------------------
INSERT INTO `ACT_RE_DEPLOYMENT` VALUES ('42d4c33e-d54a-11ee-9c9f-00ff2cf49c4a', 'SpringAutoDeployment', NULL, NULL, '', '2024-02-27 16:29:02.049', NULL, 3, NULL);
INSERT INTO `ACT_RE_DEPLOYMENT` VALUES ('6c9f01a0-d54a-11ee-be0a-00ff2cf49c4a', 'SpringAutoDeployment', NULL, NULL, '', '2024-02-27 16:30:12.164', NULL, 4, NULL);
INSERT INTO `ACT_RE_DEPLOYMENT` VALUES ('6de0f781-d54a-11ee-be0a-00ff2cf49c4a', '项目立项审批流程', NULL, NULL, '', '2024-02-27 16:30:14.282', NULL, 1, NULL);
INSERT INTO `ACT_RE_DEPLOYMENT` VALUES ('83f4ef09-d549-11ee-98f2-00ff2cf49c4a', 'SpringAutoDeployment', NULL, NULL, '', '2024-02-27 16:23:41.819', NULL, 1, NULL);
INSERT INTO `ACT_RE_DEPLOYMENT` VALUES ('940fd78e-d550-11ee-a890-00ff2cf49c4a', 'SpringAutoDeployment', NULL, NULL, '', '2024-02-27 17:14:15.315', NULL, 8, NULL);
INSERT INTO `ACT_RE_DEPLOYMENT` VALUES ('ae1c243d-d54a-11ee-9451-00ff2cf49c4a', 'SpringAutoDeployment', NULL, NULL, '', '2024-02-27 16:32:02.015', NULL, 5, NULL);
INSERT INTO `ACT_RE_DEPLOYMENT` VALUES ('cce02482-d552-11ee-9b6a-00ff2cf49c4a', 'SpringAutoDeployment', NULL, NULL, '', '2024-02-27 17:30:09.625', NULL, 9, NULL);
INSERT INTO `ACT_RE_DEPLOYMENT` VALUES ('d6db7722-d549-11ee-b94c-00ff2cf49c4a', 'SpringAutoDeployment', NULL, NULL, '', '2024-02-27 16:26:00.906', NULL, 2, NULL);
INSERT INTO `ACT_RE_DEPLOYMENT` VALUES ('dfdacaee-d54d-11ee-803a-00ff2cf49c4a', 'SpringAutoDeployment', NULL, NULL, '', '2024-02-27 16:54:53.983', NULL, 7, NULL);
INSERT INTO `ACT_RE_DEPLOYMENT` VALUES ('f7f4b6be-d54a-11ee-b57c-00ff2cf49c4a', 'SpringAutoDeployment', NULL, NULL, '', '2024-02-27 16:34:05.929', NULL, 6, NULL);

-- ----------------------------
-- Table structure for ACT_RE_MODEL
-- ----------------------------
DROP TABLE IF EXISTS `ACT_RE_MODEL`;
CREATE TABLE `ACT_RE_MODEL`  (
  `ID_` varchar(64) CHARACTER SET utf8 COLLATE utf8_bin NOT NULL,
  `REV_` int(11) NULL DEFAULT NULL,
  `NAME_` varchar(255) CHARACTER SET utf8 COLLATE utf8_bin NULL DEFAULT NULL,
  `KEY_` varchar(255) CHARACTER SET utf8 COLLATE utf8_bin NULL DEFAULT NULL,
  `CATEGORY_` varchar(255) CHARACTER SET utf8 COLLATE utf8_bin NULL DEFAULT NULL,
  `CREATE_TIME_` timestamp(3) NULL DEFAULT NULL,
  `LAST_UPDATE_TIME_` timestamp(3) NULL DEFAULT NULL,
  `VERSION_` int(11) NULL DEFAULT NULL,
  `META_INFO_` varchar(4000) CHARACTER SET utf8 COLLATE utf8_bin NULL DEFAULT NULL,
  `DEPLOYMENT_ID_` varchar(64) CHARACTER SET utf8 COLLATE utf8_bin NULL DEFAULT NULL,
  `EDITOR_SOURCE_VALUE_ID_` varchar(64) CHARACTER SET utf8 COLLATE utf8_bin NULL DEFAULT NULL,
  `EDITOR_SOURCE_EXTRA_VALUE_ID_` varchar(64) CHARACTER SET utf8 COLLATE utf8_bin NULL DEFAULT NULL,
  `TENANT_ID_` varchar(255) CHARACTER SET utf8 COLLATE utf8_bin NULL DEFAULT '',
  PRIMARY KEY (`ID_`) USING BTREE,
  INDEX `ACT_FK_MODEL_SOURCE`(`EDITOR_SOURCE_VALUE_ID_`) USING BTREE,
  INDEX `ACT_FK_MODEL_SOURCE_EXTRA`(`EDITOR_SOURCE_EXTRA_VALUE_ID_`) USING BTREE,
  INDEX `ACT_FK_MODEL_DEPLOYMENT`(`DEPLOYMENT_ID_`) USING BTREE,
  CONSTRAINT `ACT_FK_MODEL_DEPLOYMENT` FOREIGN KEY (`DEPLOYMENT_ID_`) REFERENCES `ACT_RE_DEPLOYMENT` (`ID_`) ON DELETE RESTRICT ON UPDATE RESTRICT,
  CONSTRAINT `ACT_FK_MODEL_SOURCE` FOREIGN KEY (`EDITOR_SOURCE_VALUE_ID_`) REFERENCES `ACT_GE_BYTEARRAY` (`ID_`) ON DELETE RESTRICT ON UPDATE RESTRICT,
  CONSTRAINT `ACT_FK_MODEL_SOURCE_EXTRA` FOREIGN KEY (`EDITOR_SOURCE_EXTRA_VALUE_ID_`) REFERENCES `ACT_GE_BYTEARRAY` (`ID_`) ON DELETE RESTRICT ON UPDATE RESTRICT
) ENGINE = InnoDB CHARACTER SET = utf8 COLLATE = utf8_bin ROW_FORMAT = DYNAMIC;

-- ----------------------------
-- Records of ACT_RE_MODEL
-- ----------------------------

-- ----------------------------
-- Table structure for ACT_RE_PROCDEF
-- ----------------------------
DROP TABLE IF EXISTS `ACT_RE_PROCDEF`;
CREATE TABLE `ACT_RE_PROCDEF`  (
  `ID_` varchar(64) CHARACTER SET utf8 COLLATE utf8_bin NOT NULL,
  `REV_` int(11) NULL DEFAULT NULL,
  `CATEGORY_` varchar(255) CHARACTER SET utf8 COLLATE utf8_bin NULL DEFAULT NULL,
  `NAME_` varchar(255) CHARACTER SET utf8 COLLATE utf8_bin NULL DEFAULT NULL,
  `KEY_` varchar(255) CHARACTER SET utf8 COLLATE utf8_bin NOT NULL,
  `VERSION_` int(11) NOT NULL,
  `DEPLOYMENT_ID_` varchar(64) CHARACTER SET utf8 COLLATE utf8_bin NULL DEFAULT NULL,
  `RESOURCE_NAME_` varchar(4000) CHARACTER SET utf8 COLLATE utf8_bin NULL DEFAULT NULL,
  `DGRM_RESOURCE_NAME_` varchar(4000) CHARACTER SET utf8 COLLATE utf8_bin NULL DEFAULT NULL,
  `DESCRIPTION_` varchar(4000) CHARACTER SET utf8 COLLATE utf8_bin NULL DEFAULT NULL,
  `HAS_START_FORM_KEY_` tinyint(4) NULL DEFAULT NULL,
  `HAS_GRAPHICAL_NOTATION_` tinyint(4) NULL DEFAULT NULL,
  `SUSPENSION_STATE_` int(11) NULL DEFAULT NULL,
  `TENANT_ID_` varchar(255) CHARACTER SET utf8 COLLATE utf8_bin NULL DEFAULT '',
  `ENGINE_VERSION_` varchar(255) CHARACTER SET utf8 COLLATE utf8_bin NULL DEFAULT NULL,
  `APP_VERSION_` int(11) NULL DEFAULT NULL,
  PRIMARY KEY (`ID_`) USING BTREE,
  UNIQUE INDEX `ACT_UNIQ_PROCDEF`(`KEY_`, `VERSION_`, `TENANT_ID_`) USING BTREE
) ENGINE = InnoDB CHARACTER SET = utf8 COLLATE = utf8_bin ROW_FORMAT = DYNAMIC;

-- ----------------------------
-- Records of ACT_RE_PROCDEF
-- ----------------------------
INSERT INTO `ACT_RE_PROCDEF` VALUES ('myProject:1:6df7b3d3-d54a-11ee-be0a-00ff2cf49c4a', 1, 'http://www.activiti.org/processdef', '项目审批流程', 'myProject', 1, '6de0f781-d54a-11ee-be0a-00ff2cf49c4a', 'processes/test.bpmn20.xml', NULL, NULL, 0, 1, 1, '', NULL, NULL);

-- ----------------------------
-- Table structure for ACT_RU_DEADLETTER_JOB
-- ----------------------------
DROP TABLE IF EXISTS `ACT_RU_DEADLETTER_JOB`;
CREATE TABLE `ACT_RU_DEADLETTER_JOB`  (
  `ID_` varchar(64) CHARACTER SET utf8 COLLATE utf8_bin NOT NULL,
  `REV_` int(11) NULL DEFAULT NULL,
  `TYPE_` varchar(255) CHARACTER SET utf8 COLLATE utf8_bin NOT NULL,
  `EXCLUSIVE_` tinyint(1) NULL DEFAULT NULL,
  `EXECUTION_ID_` varchar(64) CHARACTER SET utf8 COLLATE utf8_bin NULL DEFAULT NULL,
  `PROCESS_INSTANCE_ID_` varchar(64) CHARACTER SET utf8 COLLATE utf8_bin NULL DEFAULT NULL,
  `PROC_DEF_ID_` varchar(64) CHARACTER SET utf8 COLLATE utf8_bin NULL DEFAULT NULL,
  `EXCEPTION_STACK_ID_` varchar(64) CHARACTER SET utf8 COLLATE utf8_bin NULL DEFAULT NULL,
  `EXCEPTION_MSG_` varchar(4000) CHARACTER SET utf8 COLLATE utf8_bin NULL DEFAULT NULL,
  `DUEDATE_` timestamp(3) NULL DEFAULT NULL,
  `REPEAT_` varchar(255) CHARACTER SET utf8 COLLATE utf8_bin NULL DEFAULT NULL,
  `HANDLER_TYPE_` varchar(255) CHARACTER SET utf8 COLLATE utf8_bin NULL DEFAULT NULL,
  `HANDLER_CFG_` varchar(4000) CHARACTER SET utf8 COLLATE utf8_bin NULL DEFAULT NULL,
  `TENANT_ID_` varchar(255) CHARACTER SET utf8 COLLATE utf8_bin NULL DEFAULT '',
  PRIMARY KEY (`ID_`) USING BTREE,
  INDEX `ACT_FK_DEADLETTER_JOB_EXECUTION`(`EXECUTION_ID_`) USING BTREE,
  INDEX `ACT_FK_DEADLETTER_JOB_PROCESS_INSTANCE`(`PROCESS_INSTANCE_ID_`) USING BTREE,
  INDEX `ACT_FK_DEADLETTER_JOB_PROC_DEF`(`PROC_DEF_ID_`) USING BTREE,
  INDEX `ACT_FK_DEADLETTER_JOB_EXCEPTION`(`EXCEPTION_STACK_ID_`) USING BTREE,
  CONSTRAINT `ACT_FK_DEADLETTER_JOB_EXCEPTION` FOREIGN KEY (`EXCEPTION_STACK_ID_`) REFERENCES `ACT_GE_BYTEARRAY` (`ID_`) ON DELETE RESTRICT ON UPDATE RESTRICT,
  CONSTRAINT `ACT_FK_DEADLETTER_JOB_EXECUTION` FOREIGN KEY (`EXECUTION_ID_`) REFERENCES `ACT_RU_EXECUTION` (`ID_`) ON DELETE RESTRICT ON UPDATE RESTRICT,
  CONSTRAINT `ACT_FK_DEADLETTER_JOB_PROCESS_INSTANCE` FOREIGN KEY (`PROCESS_INSTANCE_ID_`) REFERENCES `ACT_RU_EXECUTION` (`ID_`) ON DELETE RESTRICT ON UPDATE RESTRICT,
  CONSTRAINT `ACT_FK_DEADLETTER_JOB_PROC_DEF` FOREIGN KEY (`PROC_DEF_ID_`) REFERENCES `ACT_RE_PROCDEF` (`ID_`) ON DELETE RESTRICT ON UPDATE RESTRICT
) ENGINE = InnoDB CHARACTER SET = utf8 COLLATE = utf8_bin ROW_FORMAT = DYNAMIC;

-- ----------------------------
-- Records of ACT_RU_DEADLETTER_JOB
-- ----------------------------

-- ----------------------------
-- Table structure for ACT_RU_EVENT_SUBSCR
-- ----------------------------
DROP TABLE IF EXISTS `ACT_RU_EVENT_SUBSCR`;
CREATE TABLE `ACT_RU_EVENT_SUBSCR`  (
  `ID_` varchar(64) CHARACTER SET utf8 COLLATE utf8_bin NOT NULL,
  `REV_` int(11) NULL DEFAULT NULL,
  `EVENT_TYPE_` varchar(255) CHARACTER SET utf8 COLLATE utf8_bin NOT NULL,
  `EVENT_NAME_` varchar(255) CHARACTER SET utf8 COLLATE utf8_bin NULL DEFAULT NULL,
  `EXECUTION_ID_` varchar(64) CHARACTER SET utf8 COLLATE utf8_bin NULL DEFAULT NULL,
  `PROC_INST_ID_` varchar(64) CHARACTER SET utf8 COLLATE utf8_bin NULL DEFAULT NULL,
  `ACTIVITY_ID_` varchar(64) CHARACTER SET utf8 COLLATE utf8_bin NULL DEFAULT NULL,
  `CONFIGURATION_` varchar(255) CHARACTER SET utf8 COLLATE utf8_bin NULL DEFAULT NULL,
  `CREATED_` timestamp(3) NOT NULL DEFAULT CURRENT_TIMESTAMP(3),
  `PROC_DEF_ID_` varchar(64) CHARACTER SET utf8 COLLATE utf8_bin NULL DEFAULT NULL,
  `TENANT_ID_` varchar(255) CHARACTER SET utf8 COLLATE utf8_bin NULL DEFAULT '',
  PRIMARY KEY (`ID_`) USING BTREE,
  INDEX `ACT_IDX_EVENT_SUBSCR_CONFIG_`(`CONFIGURATION_`) USING BTREE,
  INDEX `ACT_FK_EVENT_EXEC`(`EXECUTION_ID_`) USING BTREE,
  CONSTRAINT `ACT_FK_EVENT_EXEC` FOREIGN KEY (`EXECUTION_ID_`) REFERENCES `ACT_RU_EXECUTION` (`ID_`) ON DELETE RESTRICT ON UPDATE RESTRICT
) ENGINE = InnoDB CHARACTER SET = utf8 COLLATE = utf8_bin ROW_FORMAT = DYNAMIC;

-- ----------------------------
-- Records of ACT_RU_EVENT_SUBSCR
-- ----------------------------

-- ----------------------------
-- Table structure for ACT_RU_EXECUTION
-- ----------------------------
DROP TABLE IF EXISTS `ACT_RU_EXECUTION`;
CREATE TABLE `ACT_RU_EXECUTION`  (
  `ID_` varchar(64) CHARACTER SET utf8 COLLATE utf8_bin NOT NULL,
  `REV_` int(11) NULL DEFAULT NULL,
  `PROC_INST_ID_` varchar(64) CHARACTER SET utf8 COLLATE utf8_bin NULL DEFAULT NULL,
  `BUSINESS_KEY_` varchar(255) CHARACTER SET utf8 COLLATE utf8_bin NULL DEFAULT NULL,
  `PARENT_ID_` varchar(64) CHARACTER SET utf8 COLLATE utf8_bin NULL DEFAULT NULL,
  `PROC_DEF_ID_` varchar(64) CHARACTER SET utf8 COLLATE utf8_bin NULL DEFAULT NULL,
  `SUPER_EXEC_` varchar(64) CHARACTER SET utf8 COLLATE utf8_bin NULL DEFAULT NULL,
  `ROOT_PROC_INST_ID_` varchar(64) CHARACTER SET utf8 COLLATE utf8_bin NULL DEFAULT NULL,
  `ACT_ID_` varchar(255) CHARACTER SET utf8 COLLATE utf8_bin NULL DEFAULT NULL,
  `IS_ACTIVE_` tinyint(4) NULL DEFAULT NULL,
  `IS_CONCURRENT_` tinyint(4) NULL DEFAULT NULL,
  `IS_SCOPE_` tinyint(4) NULL DEFAULT NULL,
  `IS_EVENT_SCOPE_` tinyint(4) NULL DEFAULT NULL,
  `IS_MI_ROOT_` tinyint(4) NULL DEFAULT NULL,
  `SUSPENSION_STATE_` int(11) NULL DEFAULT NULL,
  `CACHED_ENT_STATE_` int(11) NULL DEFAULT NULL,
  `TENANT_ID_` varchar(255) CHARACTER SET utf8 COLLATE utf8_bin NULL DEFAULT '',
  `NAME_` varchar(255) CHARACTER SET utf8 COLLATE utf8_bin NULL DEFAULT NULL,
  `START_TIME_` datetime(3) NULL DEFAULT NULL,
  `START_USER_ID_` varchar(255) CHARACTER SET utf8 COLLATE utf8_bin NULL DEFAULT NULL,
  `LOCK_TIME_` timestamp(3) NULL DEFAULT NULL,
  `IS_COUNT_ENABLED_` tinyint(4) NULL DEFAULT NULL,
  `EVT_SUBSCR_COUNT_` int(11) NULL DEFAULT NULL,
  `TASK_COUNT_` int(11) NULL DEFAULT NULL,
  `JOB_COUNT_` int(11) NULL DEFAULT NULL,
  `TIMER_JOB_COUNT_` int(11) NULL DEFAULT NULL,
  `SUSP_JOB_COUNT_` int(11) NULL DEFAULT NULL,
  `DEADLETTER_JOB_COUNT_` int(11) NULL DEFAULT NULL,
  `VAR_COUNT_` int(11) NULL DEFAULT NULL,
  `ID_LINK_COUNT_` int(11) NULL DEFAULT NULL,
  `APP_VERSION_` int(11) NULL DEFAULT NULL,
  PRIMARY KEY (`ID_`) USING BTREE,
  INDEX `ACT_IDX_EXEC_BUSKEY`(`BUSINESS_KEY_`) USING BTREE,
  INDEX `ACT_IDC_EXEC_ROOT`(`ROOT_PROC_INST_ID_`) USING BTREE,
  INDEX `ACT_FK_EXE_PROCINST`(`PROC_INST_ID_`) USING BTREE,
  INDEX `ACT_FK_EXE_PARENT`(`PARENT_ID_`) USING BTREE,
  INDEX `ACT_FK_EXE_SUPER`(`SUPER_EXEC_`) USING BTREE,
  INDEX `ACT_FK_EXE_PROCDEF`(`PROC_DEF_ID_`) USING BTREE,
  CONSTRAINT `ACT_FK_EXE_PARENT` FOREIGN KEY (`PARENT_ID_`) REFERENCES `ACT_RU_EXECUTION` (`ID_`) ON DELETE CASCADE ON UPDATE RESTRICT,
  CONSTRAINT `ACT_FK_EXE_PROCDEF` FOREIGN KEY (`PROC_DEF_ID_`) REFERENCES `ACT_RE_PROCDEF` (`ID_`) ON DELETE RESTRICT ON UPDATE RESTRICT,
  CONSTRAINT `ACT_FK_EXE_PROCINST` FOREIGN KEY (`PROC_INST_ID_`) REFERENCES `ACT_RU_EXECUTION` (`ID_`) ON DELETE CASCADE ON UPDATE CASCADE,
  CONSTRAINT `ACT_FK_EXE_SUPER` FOREIGN KEY (`SUPER_EXEC_`) REFERENCES `ACT_RU_EXECUTION` (`ID_`) ON DELETE CASCADE ON UPDATE RESTRICT
) ENGINE = InnoDB CHARACTER SET = utf8 COLLATE = utf8_bin ROW_FORMAT = DYNAMIC;

-- ----------------------------
-- Records of ACT_RU_EXECUTION
-- ----------------------------
INSERT INTO `ACT_RU_EXECUTION` VALUES ('af32010e-d54a-11ee-9451-00ff2cf49c4a', 1, 'af32010e-d54a-11ee-9451-00ff2cf49c4a', NULL, NULL, 'myProject:1:6df7b3d3-d54a-11ee-be0a-00ff2cf49c4a', NULL, 'af32010e-d54a-11ee-9451-00ff2cf49c4a', NULL, 1, 0, 1, 0, 0, 1, NULL, '', NULL, '2024-02-27 16:32:03.865', NULL, NULL, 0, 0, 0, 0, 0, 0, 0, 0, 0, NULL);
INSERT INTO `ACT_RU_EXECUTION` VALUES ('af324f2f-d54a-11ee-9451-00ff2cf49c4a', 1, 'af32010e-d54a-11ee-9451-00ff2cf49c4a', NULL, 'af32010e-d54a-11ee-9451-00ff2cf49c4a', 'myProject:1:6df7b3d3-d54a-11ee-be0a-00ff2cf49c4a', NULL, 'af32010e-d54a-11ee-9451-00ff2cf49c4a', '_2', 1, 0, 0, 0, 0, 1, NULL, '', NULL, '2024-02-27 16:32:03.867', NULL, NULL, 0, 0, 0, 0, 0, 0, 0, 0, 0, NULL);

-- ----------------------------
-- Table structure for ACT_RU_IDENTITYLINK
-- ----------------------------
DROP TABLE IF EXISTS `ACT_RU_IDENTITYLINK`;
CREATE TABLE `ACT_RU_IDENTITYLINK`  (
  `ID_` varchar(64) CHARACTER SET utf8 COLLATE utf8_bin NOT NULL,
  `REV_` int(11) NULL DEFAULT NULL,
  `GROUP_ID_` varchar(255) CHARACTER SET utf8 COLLATE utf8_bin NULL DEFAULT NULL,
  `TYPE_` varchar(255) CHARACTER SET utf8 COLLATE utf8_bin NULL DEFAULT NULL,
  `USER_ID_` varchar(255) CHARACTER SET utf8 COLLATE utf8_bin NULL DEFAULT NULL,
  `TASK_ID_` varchar(64) CHARACTER SET utf8 COLLATE utf8_bin NULL DEFAULT NULL,
  `PROC_INST_ID_` varchar(64) CHARACTER SET utf8 COLLATE utf8_bin NULL DEFAULT NULL,
  `PROC_DEF_ID_` varchar(64) CHARACTER SET utf8 COLLATE utf8_bin NULL DEFAULT NULL,
  PRIMARY KEY (`ID_`) USING BTREE,
  INDEX `ACT_IDX_IDENT_LNK_USER`(`USER_ID_`) USING BTREE,
  INDEX `ACT_IDX_IDENT_LNK_GROUP`(`GROUP_ID_`) USING BTREE,
  INDEX `ACT_IDX_ATHRZ_PROCEDEF`(`PROC_DEF_ID_`) USING BTREE,
  INDEX `ACT_FK_TSKASS_TASK`(`TASK_ID_`) USING BTREE,
  INDEX `ACT_FK_IDL_PROCINST`(`PROC_INST_ID_`) USING BTREE,
  CONSTRAINT `ACT_FK_ATHRZ_PROCEDEF` FOREIGN KEY (`PROC_DEF_ID_`) REFERENCES `ACT_RE_PROCDEF` (`ID_`) ON DELETE RESTRICT ON UPDATE RESTRICT,
  CONSTRAINT `ACT_FK_IDL_PROCINST` FOREIGN KEY (`PROC_INST_ID_`) REFERENCES `ACT_RU_EXECUTION` (`ID_`) ON DELETE RESTRICT ON UPDATE RESTRICT,
  CONSTRAINT `ACT_FK_TSKASS_TASK` FOREIGN KEY (`TASK_ID_`) REFERENCES `ACT_RU_TASK` (`ID_`) ON DELETE RESTRICT ON UPDATE RESTRICT
) ENGINE = InnoDB CHARACTER SET = utf8 COLLATE = utf8_bin ROW_FORMAT = DYNAMIC;

-- ----------------------------
-- Records of ACT_RU_IDENTITYLINK
-- ----------------------------
INSERT INTO `ACT_RU_IDENTITYLINK` VALUES ('af366de3-d54a-11ee-9451-00ff2cf49c4a', 1, NULL, 'participant', '661261433', NULL, 'af32010e-d54a-11ee-9451-00ff2cf49c4a', NULL);

-- ----------------------------
-- Table structure for ACT_RU_INTEGRATION
-- ----------------------------
DROP TABLE IF EXISTS `ACT_RU_INTEGRATION`;
CREATE TABLE `ACT_RU_INTEGRATION`  (
  `ID_` varchar(64) CHARACTER SET utf8 COLLATE utf8_bin NOT NULL,
  `EXECUTION_ID_` varchar(64) CHARACTER SET utf8 COLLATE utf8_bin NULL DEFAULT NULL,
  `PROCESS_INSTANCE_ID_` varchar(64) CHARACTER SET utf8 COLLATE utf8_bin NULL DEFAULT NULL,
  `PROC_DEF_ID_` varchar(64) CHARACTER SET utf8 COLLATE utf8_bin NULL DEFAULT NULL,
  `FLOW_NODE_ID_` varchar(64) CHARACTER SET utf8 COLLATE utf8_bin NULL DEFAULT NULL,
  `CREATED_DATE_` timestamp(3) NOT NULL DEFAULT CURRENT_TIMESTAMP(3) ON UPDATE CURRENT_TIMESTAMP(3),
  PRIMARY KEY (`ID_`) USING BTREE,
  INDEX `ACT_FK_INT_EXECUTION`(`EXECUTION_ID_`) USING BTREE,
  INDEX `ACT_FK_INT_PROC_INST`(`PROCESS_INSTANCE_ID_`) USING BTREE,
  INDEX `ACT_FK_INT_PROC_DEF`(`PROC_DEF_ID_`) USING BTREE,
  CONSTRAINT `ACT_FK_INT_EXECUTION` FOREIGN KEY (`EXECUTION_ID_`) REFERENCES `ACT_RU_EXECUTION` (`ID_`) ON DELETE CASCADE ON UPDATE RESTRICT,
  CONSTRAINT `ACT_FK_INT_PROC_DEF` FOREIGN KEY (`PROC_DEF_ID_`) REFERENCES `ACT_RE_PROCDEF` (`ID_`) ON DELETE RESTRICT ON UPDATE RESTRICT,
  CONSTRAINT `ACT_FK_INT_PROC_INST` FOREIGN KEY (`PROCESS_INSTANCE_ID_`) REFERENCES `ACT_RU_EXECUTION` (`ID_`) ON DELETE RESTRICT ON UPDATE RESTRICT
) ENGINE = InnoDB CHARACTER SET = utf8 COLLATE = utf8_bin ROW_FORMAT = DYNAMIC;

-- ----------------------------
-- Records of ACT_RU_INTEGRATION
-- ----------------------------

-- ----------------------------
-- Table structure for ACT_RU_JOB
-- ----------------------------
DROP TABLE IF EXISTS `ACT_RU_JOB`;
CREATE TABLE `ACT_RU_JOB`  (
  `ID_` varchar(64) CHARACTER SET utf8 COLLATE utf8_bin NOT NULL,
  `REV_` int(11) NULL DEFAULT NULL,
  `TYPE_` varchar(255) CHARACTER SET utf8 COLLATE utf8_bin NOT NULL,
  `LOCK_EXP_TIME_` timestamp(3) NULL DEFAULT NULL,
  `LOCK_OWNER_` varchar(255) CHARACTER SET utf8 COLLATE utf8_bin NULL DEFAULT NULL,
  `EXCLUSIVE_` tinyint(1) NULL DEFAULT NULL,
  `EXECUTION_ID_` varchar(64) CHARACTER SET utf8 COLLATE utf8_bin NULL DEFAULT NULL,
  `PROCESS_INSTANCE_ID_` varchar(64) CHARACTER SET utf8 COLLATE utf8_bin NULL DEFAULT NULL,
  `PROC_DEF_ID_` varchar(64) CHARACTER SET utf8 COLLATE utf8_bin NULL DEFAULT NULL,
  `RETRIES_` int(11) NULL DEFAULT NULL,
  `EXCEPTION_STACK_ID_` varchar(64) CHARACTER SET utf8 COLLATE utf8_bin NULL DEFAULT NULL,
  `EXCEPTION_MSG_` varchar(4000) CHARACTER SET utf8 COLLATE utf8_bin NULL DEFAULT NULL,
  `DUEDATE_` timestamp(3) NULL DEFAULT NULL,
  `REPEAT_` varchar(255) CHARACTER SET utf8 COLLATE utf8_bin NULL DEFAULT NULL,
  `HANDLER_TYPE_` varchar(255) CHARACTER SET utf8 COLLATE utf8_bin NULL DEFAULT NULL,
  `HANDLER_CFG_` varchar(4000) CHARACTER SET utf8 COLLATE utf8_bin NULL DEFAULT NULL,
  `TENANT_ID_` varchar(255) CHARACTER SET utf8 COLLATE utf8_bin NULL DEFAULT '',
  PRIMARY KEY (`ID_`) USING BTREE,
  INDEX `ACT_FK_JOB_EXECUTION`(`EXECUTION_ID_`) USING BTREE,
  INDEX `ACT_FK_JOB_PROCESS_INSTANCE`(`PROCESS_INSTANCE_ID_`) USING BTREE,
  INDEX `ACT_FK_JOB_PROC_DEF`(`PROC_DEF_ID_`) USING BTREE,
  INDEX `ACT_FK_JOB_EXCEPTION`(`EXCEPTION_STACK_ID_`) USING BTREE,
  CONSTRAINT `ACT_FK_JOB_EXCEPTION` FOREIGN KEY (`EXCEPTION_STACK_ID_`) REFERENCES `ACT_GE_BYTEARRAY` (`ID_`) ON DELETE RESTRICT ON UPDATE RESTRICT,
  CONSTRAINT `ACT_FK_JOB_EXECUTION` FOREIGN KEY (`EXECUTION_ID_`) REFERENCES `ACT_RU_EXECUTION` (`ID_`) ON DELETE RESTRICT ON UPDATE RESTRICT,
  CONSTRAINT `ACT_FK_JOB_PROCESS_INSTANCE` FOREIGN KEY (`PROCESS_INSTANCE_ID_`) REFERENCES `ACT_RU_EXECUTION` (`ID_`) ON DELETE RESTRICT ON UPDATE RESTRICT,
  CONSTRAINT `ACT_FK_JOB_PROC_DEF` FOREIGN KEY (`PROC_DEF_ID_`) REFERENCES `ACT_RE_PROCDEF` (`ID_`) ON DELETE RESTRICT ON UPDATE RESTRICT
) ENGINE = InnoDB CHARACTER SET = utf8 COLLATE = utf8_bin ROW_FORMAT = DYNAMIC;

-- ----------------------------
-- Records of ACT_RU_JOB
-- ----------------------------

-- ----------------------------
-- Table structure for ACT_RU_SUSPENDED_JOB
-- ----------------------------
DROP TABLE IF EXISTS `ACT_RU_SUSPENDED_JOB`;
CREATE TABLE `ACT_RU_SUSPENDED_JOB`  (
  `ID_` varchar(64) CHARACTER SET utf8 COLLATE utf8_bin NOT NULL,
  `REV_` int(11) NULL DEFAULT NULL,
  `TYPE_` varchar(255) CHARACTER SET utf8 COLLATE utf8_bin NOT NULL,
  `EXCLUSIVE_` tinyint(1) NULL DEFAULT NULL,
  `EXECUTION_ID_` varchar(64) CHARACTER SET utf8 COLLATE utf8_bin NULL DEFAULT NULL,
  `PROCESS_INSTANCE_ID_` varchar(64) CHARACTER SET utf8 COLLATE utf8_bin NULL DEFAULT NULL,
  `PROC_DEF_ID_` varchar(64) CHARACTER SET utf8 COLLATE utf8_bin NULL DEFAULT NULL,
  `RETRIES_` int(11) NULL DEFAULT NULL,
  `EXCEPTION_STACK_ID_` varchar(64) CHARACTER SET utf8 COLLATE utf8_bin NULL DEFAULT NULL,
  `EXCEPTION_MSG_` varchar(4000) CHARACTER SET utf8 COLLATE utf8_bin NULL DEFAULT NULL,
  `DUEDATE_` timestamp(3) NULL DEFAULT NULL,
  `REPEAT_` varchar(255) CHARACTER SET utf8 COLLATE utf8_bin NULL DEFAULT NULL,
  `HANDLER_TYPE_` varchar(255) CHARACTER SET utf8 COLLATE utf8_bin NULL DEFAULT NULL,
  `HANDLER_CFG_` varchar(4000) CHARACTER SET utf8 COLLATE utf8_bin NULL DEFAULT NULL,
  `TENANT_ID_` varchar(255) CHARACTER SET utf8 COLLATE utf8_bin NULL DEFAULT '',
  PRIMARY KEY (`ID_`) USING BTREE,
  INDEX `ACT_FK_SUSPENDED_JOB_EXECUTION`(`EXECUTION_ID_`) USING BTREE,
  INDEX `ACT_FK_SUSPENDED_JOB_PROCESS_INSTANCE`(`PROCESS_INSTANCE_ID_`) USING BTREE,
  INDEX `ACT_FK_SUSPENDED_JOB_PROC_DEF`(`PROC_DEF_ID_`) USING BTREE,
  INDEX `ACT_FK_SUSPENDED_JOB_EXCEPTION`(`EXCEPTION_STACK_ID_`) USING BTREE,
  CONSTRAINT `ACT_FK_SUSPENDED_JOB_EXCEPTION` FOREIGN KEY (`EXCEPTION_STACK_ID_`) REFERENCES `ACT_GE_BYTEARRAY` (`ID_`) ON DELETE RESTRICT ON UPDATE RESTRICT,
  CONSTRAINT `ACT_FK_SUSPENDED_JOB_EXECUTION` FOREIGN KEY (`EXECUTION_ID_`) REFERENCES `ACT_RU_EXECUTION` (`ID_`) ON DELETE RESTRICT ON UPDATE RESTRICT,
  CONSTRAINT `ACT_FK_SUSPENDED_JOB_PROCESS_INSTANCE` FOREIGN KEY (`PROCESS_INSTANCE_ID_`) REFERENCES `ACT_RU_EXECUTION` (`ID_`) ON DELETE RESTRICT ON UPDATE RESTRICT,
  CONSTRAINT `ACT_FK_SUSPENDED_JOB_PROC_DEF` FOREIGN KEY (`PROC_DEF_ID_`) REFERENCES `ACT_RE_PROCDEF` (`ID_`) ON DELETE RESTRICT ON UPDATE RESTRICT
) ENGINE = InnoDB CHARACTER SET = utf8 COLLATE = utf8_bin ROW_FORMAT = DYNAMIC;

-- ----------------------------
-- Records of ACT_RU_SUSPENDED_JOB
-- ----------------------------

-- ----------------------------
-- Table structure for ACT_RU_TASK
-- ----------------------------
DROP TABLE IF EXISTS `ACT_RU_TASK`;
CREATE TABLE `ACT_RU_TASK`  (
  `ID_` varchar(64) CHARACTER SET utf8 COLLATE utf8_bin NOT NULL,
  `REV_` int(11) NULL DEFAULT NULL,
  `EXECUTION_ID_` varchar(64) CHARACTER SET utf8 COLLATE utf8_bin NULL DEFAULT NULL,
  `PROC_INST_ID_` varchar(64) CHARACTER SET utf8 COLLATE utf8_bin NULL DEFAULT NULL,
  `PROC_DEF_ID_` varchar(64) CHARACTER SET utf8 COLLATE utf8_bin NULL DEFAULT NULL,
  `NAME_` varchar(255) CHARACTER SET utf8 COLLATE utf8_bin NULL DEFAULT NULL,
  `BUSINESS_KEY_` varchar(255) CHARACTER SET utf8 COLLATE utf8_bin NULL DEFAULT NULL,
  `PARENT_TASK_ID_` varchar(64) CHARACTER SET utf8 COLLATE utf8_bin NULL DEFAULT NULL,
  `DESCRIPTION_` varchar(4000) CHARACTER SET utf8 COLLATE utf8_bin NULL DEFAULT NULL,
  `TASK_DEF_KEY_` varchar(255) CHARACTER SET utf8 COLLATE utf8_bin NULL DEFAULT NULL,
  `OWNER_` varchar(255) CHARACTER SET utf8 COLLATE utf8_bin NULL DEFAULT NULL,
  `ASSIGNEE_` varchar(255) CHARACTER SET utf8 COLLATE utf8_bin NULL DEFAULT NULL,
  `DELEGATION_` varchar(64) CHARACTER SET utf8 COLLATE utf8_bin NULL DEFAULT NULL,
  `PRIORITY_` int(11) NULL DEFAULT NULL,
  `CREATE_TIME_` timestamp(3) NULL DEFAULT NULL,
  `DUE_DATE_` datetime(3) NULL DEFAULT NULL,
  `CATEGORY_` varchar(255) CHARACTER SET utf8 COLLATE utf8_bin NULL DEFAULT NULL,
  `SUSPENSION_STATE_` int(11) NULL DEFAULT NULL,
  `TENANT_ID_` varchar(255) CHARACTER SET utf8 COLLATE utf8_bin NULL DEFAULT '',
  `FORM_KEY_` varchar(255) CHARACTER SET utf8 COLLATE utf8_bin NULL DEFAULT NULL,
  `CLAIM_TIME_` datetime(3) NULL DEFAULT NULL,
  `APP_VERSION_` int(11) NULL DEFAULT NULL,
  PRIMARY KEY (`ID_`) USING BTREE,
  INDEX `ACT_IDX_TASK_CREATE`(`CREATE_TIME_`) USING BTREE,
  INDEX `ACT_FK_TASK_EXE`(`EXECUTION_ID_`) USING BTREE,
  INDEX `ACT_FK_TASK_PROCINST`(`PROC_INST_ID_`) USING BTREE,
  INDEX `ACT_FK_TASK_PROCDEF`(`PROC_DEF_ID_`) USING BTREE,
  CONSTRAINT `ACT_FK_TASK_EXE` FOREIGN KEY (`EXECUTION_ID_`) REFERENCES `ACT_RU_EXECUTION` (`ID_`) ON DELETE RESTRICT ON UPDATE RESTRICT,
  CONSTRAINT `ACT_FK_TASK_PROCDEF` FOREIGN KEY (`PROC_DEF_ID_`) REFERENCES `ACT_RE_PROCDEF` (`ID_`) ON DELETE RESTRICT ON UPDATE RESTRICT,
  CONSTRAINT `ACT_FK_TASK_PROCINST` FOREIGN KEY (`PROC_INST_ID_`) REFERENCES `ACT_RU_EXECUTION` (`ID_`) ON DELETE RESTRICT ON UPDATE RESTRICT
) ENGINE = InnoDB CHARACTER SET = utf8 COLLATE = utf8_bin ROW_FORMAT = DYNAMIC;

-- ----------------------------
-- Records of ACT_RU_TASK
-- ----------------------------
INSERT INTO `ACT_RU_TASK` VALUES ('af361fc2-d54a-11ee-9451-00ff2cf49c4a', 1, 'af324f2f-d54a-11ee-9451-00ff2cf49c4a', 'af32010e-d54a-11ee-9451-00ff2cf49c4a', 'myProject:1:6df7b3d3-d54a-11ee-be0a-00ff2cf49c4a', '平台部审批', NULL, NULL, NULL, '_2', NULL, '661261433', NULL, 50, '2024-02-27 16:32:03.876', NULL, NULL, 1, '', NULL, NULL, NULL);

-- ----------------------------
-- Table structure for ACT_RU_TIMER_JOB
-- ----------------------------
DROP TABLE IF EXISTS `ACT_RU_TIMER_JOB`;
CREATE TABLE `ACT_RU_TIMER_JOB`  (
  `ID_` varchar(64) CHARACTER SET utf8 COLLATE utf8_bin NOT NULL,
  `REV_` int(11) NULL DEFAULT NULL,
  `TYPE_` varchar(255) CHARACTER SET utf8 COLLATE utf8_bin NOT NULL,
  `LOCK_EXP_TIME_` timestamp(3) NULL DEFAULT NULL,
  `LOCK_OWNER_` varchar(255) CHARACTER SET utf8 COLLATE utf8_bin NULL DEFAULT NULL,
  `EXCLUSIVE_` tinyint(1) NULL DEFAULT NULL,
  `EXECUTION_ID_` varchar(64) CHARACTER SET utf8 COLLATE utf8_bin NULL DEFAULT NULL,
  `PROCESS_INSTANCE_ID_` varchar(64) CHARACTER SET utf8 COLLATE utf8_bin NULL DEFAULT NULL,
  `PROC_DEF_ID_` varchar(64) CHARACTER SET utf8 COLLATE utf8_bin NULL DEFAULT NULL,
  `RETRIES_` int(11) NULL DEFAULT NULL,
  `EXCEPTION_STACK_ID_` varchar(64) CHARACTER SET utf8 COLLATE utf8_bin NULL DEFAULT NULL,
  `EXCEPTION_MSG_` varchar(4000) CHARACTER SET utf8 COLLATE utf8_bin NULL DEFAULT NULL,
  `DUEDATE_` timestamp(3) NULL DEFAULT NULL,
  `REPEAT_` varchar(255) CHARACTER SET utf8 COLLATE utf8_bin NULL DEFAULT NULL,
  `HANDLER_TYPE_` varchar(255) CHARACTER SET utf8 COLLATE utf8_bin NULL DEFAULT NULL,
  `HANDLER_CFG_` varchar(4000) CHARACTER SET utf8 COLLATE utf8_bin NULL DEFAULT NULL,
  `TENANT_ID_` varchar(255) CHARACTER SET utf8 COLLATE utf8_bin NULL DEFAULT '',
  PRIMARY KEY (`ID_`) USING BTREE,
  INDEX `ACT_FK_TIMER_JOB_EXECUTION`(`EXECUTION_ID_`) USING BTREE,
  INDEX `ACT_FK_TIMER_JOB_PROCESS_INSTANCE`(`PROCESS_INSTANCE_ID_`) USING BTREE,
  INDEX `ACT_FK_TIMER_JOB_PROC_DEF`(`PROC_DEF_ID_`) USING BTREE,
  INDEX `ACT_FK_TIMER_JOB_EXCEPTION`(`EXCEPTION_STACK_ID_`) USING BTREE,
  CONSTRAINT `ACT_FK_TIMER_JOB_EXCEPTION` FOREIGN KEY (`EXCEPTION_STACK_ID_`) REFERENCES `ACT_GE_BYTEARRAY` (`ID_`) ON DELETE RESTRICT ON UPDATE RESTRICT,
  CONSTRAINT `ACT_FK_TIMER_JOB_EXECUTION` FOREIGN KEY (`EXECUTION_ID_`) REFERENCES `ACT_RU_EXECUTION` (`ID_`) ON DELETE RESTRICT ON UPDATE RESTRICT,
  CONSTRAINT `ACT_FK_TIMER_JOB_PROCESS_INSTANCE` FOREIGN KEY (`PROCESS_INSTANCE_ID_`) REFERENCES `ACT_RU_EXECUTION` (`ID_`) ON DELETE RESTRICT ON UPDATE RESTRICT,
  CONSTRAINT `ACT_FK_TIMER_JOB_PROC_DEF` FOREIGN KEY (`PROC_DEF_ID_`) REFERENCES `ACT_RE_PROCDEF` (`ID_`) ON DELETE RESTRICT ON UPDATE RESTRICT
) ENGINE = InnoDB CHARACTER SET = utf8 COLLATE = utf8_bin ROW_FORMAT = DYNAMIC;

-- ----------------------------
-- Records of ACT_RU_TIMER_JOB
-- ----------------------------

-- ----------------------------
-- Table structure for ACT_RU_VARIABLE
-- ----------------------------
DROP TABLE IF EXISTS `ACT_RU_VARIABLE`;
CREATE TABLE `ACT_RU_VARIABLE`  (
  `ID_` varchar(64) CHARACTER SET utf8 COLLATE utf8_bin NOT NULL,
  `REV_` int(11) NULL DEFAULT NULL,
  `TYPE_` varchar(255) CHARACTER SET utf8 COLLATE utf8_bin NOT NULL,
  `NAME_` varchar(255) CHARACTER SET utf8 COLLATE utf8_bin NOT NULL,
  `EXECUTION_ID_` varchar(64) CHARACTER SET utf8 COLLATE utf8_bin NULL DEFAULT NULL,
  `PROC_INST_ID_` varchar(64) CHARACTER SET utf8 COLLATE utf8_bin NULL DEFAULT NULL,
  `TASK_ID_` varchar(64) CHARACTER SET utf8 COLLATE utf8_bin NULL DEFAULT NULL,
  `BYTEARRAY_ID_` varchar(64) CHARACTER SET utf8 COLLATE utf8_bin NULL DEFAULT NULL,
  `DOUBLE_` double NULL DEFAULT NULL,
  `LONG_` bigint(20) NULL DEFAULT NULL,
  `TEXT_` varchar(4000) CHARACTER SET utf8 COLLATE utf8_bin NULL DEFAULT NULL,
  `TEXT2_` varchar(4000) CHARACTER SET utf8 COLLATE utf8_bin NULL DEFAULT NULL,
  PRIMARY KEY (`ID_`) USING BTREE,
  INDEX `ACT_IDX_VARIABLE_TASK_ID`(`TASK_ID_`) USING BTREE,
  INDEX `ACT_FK_VAR_EXE`(`EXECUTION_ID_`) USING BTREE,
  INDEX `ACT_FK_VAR_PROCINST`(`PROC_INST_ID_`) USING BTREE,
  INDEX `ACT_FK_VAR_BYTEARRAY`(`BYTEARRAY_ID_`) USING BTREE,
  CONSTRAINT `ACT_FK_VAR_BYTEARRAY` FOREIGN KEY (`BYTEARRAY_ID_`) REFERENCES `ACT_GE_BYTEARRAY` (`ID_`) ON DELETE RESTRICT ON UPDATE RESTRICT,
  CONSTRAINT `ACT_FK_VAR_EXE` FOREIGN KEY (`EXECUTION_ID_`) REFERENCES `ACT_RU_EXECUTION` (`ID_`) ON DELETE RESTRICT ON UPDATE RESTRICT,
  CONSTRAINT `ACT_FK_VAR_PROCINST` FOREIGN KEY (`PROC_INST_ID_`) REFERENCES `ACT_RU_EXECUTION` (`ID_`) ON DELETE RESTRICT ON UPDATE RESTRICT
) ENGINE = InnoDB CHARACTER SET = utf8 COLLATE = utf8_bin ROW_FORMAT = DYNAMIC;

-- ----------------------------
-- Records of ACT_RU_VARIABLE
-- ----------------------------

-- ----------------------------
-- Table structure for caiwu
-- ----------------------------
DROP TABLE IF EXISTS `caiwu`;
CREATE TABLE `caiwu`  (
  `id` int(11) NOT NULL AUTO_INCREMENT COMMENT '主键',
  `base_id` int(11) NULL DEFAULT NULL COMMENT '项目基础信息表id',
  `source` varchar(255) CHARACTER SET utf8mb4 COLLATE utf8mb4_general_ci NULL DEFAULT NULL COMMENT '项目资金来源',
  `is_dian` char(1) CHARACTER SET utf8mb4 COLLATE utf8mb4_general_ci NULL DEFAULT NULL COMMENT '是否需要垫付 0否 1是',
  `is_yu` char(1) CHARACTER SET utf8mb4 COLLATE utf8mb4_general_ci NULL DEFAULT NULL COMMENT '是否有预付款0否 1是',
  `time_interval` varchar(255) CHARACTER SET utf8mb4 COLLATE utf8mb4_general_ci NULL DEFAULT NULL COMMENT '回款时间间距',
  `rate` double NULL DEFAULT NULL COMMENT '软硬件报价比例',
  `is_need` varchar(255) CHARACTER SET utf8mb4 COLLATE utf8mb4_general_ci NULL DEFAULT NULL COMMENT '开票有无特殊需求0否 1是',
  `approval_status` char(1) CHARACTER SET utf8mb4 COLLATE utf8mb4_general_ci NULL DEFAULT NULL COMMENT '是否通过 0不通过 1通过',
  `approval_by` varchar(255) CHARACTER SET utf8mb4 COLLATE utf8mb4_general_ci NULL DEFAULT NULL COMMENT '操作人',
  `approval_time` datetime NULL DEFAULT NULL COMMENT '操作时间',
  PRIMARY KEY (`id`) USING BTREE
) ENGINE = InnoDB AUTO_INCREMENT = 1 CHARACTER SET = utf8mb4 COLLATE = utf8mb4_general_ci COMMENT = '财务部审批' ROW_FORMAT = Dynamic;

-- ----------------------------
-- Records of caiwu
-- ----------------------------

-- ----------------------------
-- Table structure for chanping
-- ----------------------------
DROP TABLE IF EXISTS `chanping`;
CREATE TABLE `chanping`  (
  `id` int(11) NOT NULL AUTO_INCREMENT COMMENT '主键',
  `base_id` int(11) NULL DEFAULT NULL COMMENT '项目基础信息表id',
  `company_match` char(1) CHARACTER SET utf8mb4 COLLATE utf8mb4_general_ci NULL DEFAULT NULL COMMENT '公司现行产品匹配度 0完全匹配 1部分匹配',
  `market_match` char(1) CHARACTER SET utf8mb4 COLLATE utf8mb4_general_ci NULL DEFAULT NULL COMMENT '市场现行产品匹配度 0完全匹配 1部分匹配',
  `is_standard` char(1) CHARACTER SET utf8mb4 COLLATE utf8mb4_general_ci NULL DEFAULT NULL COMMENT '是否符合行业标准 0否 1是',
  `is_product` char(1) CHARACTER SET utf8mb4 COLLATE utf8mb4_general_ci NULL DEFAULT NULL COMMENT '是否已有明显控标参数产品  0否 1是',
  `is_custom` char(1) CHARACTER SET utf8mb4 COLLATE utf8mb4_general_ci NULL DEFAULT NULL COMMENT '有无定制开发需求 0否 1是',
  `is_out` char(1) CHARACTER SET utf8mb4 COLLATE utf8mb4_general_ci NULL DEFAULT NULL COMMENT ' 有无外采需求 0否 1是',
  `approval_status` char(1) CHARACTER SET utf8mb4 COLLATE utf8mb4_general_ci NULL DEFAULT NULL COMMENT '是否通过 0不通过 1通过',
  `approval_by` varchar(255) CHARACTER SET utf8mb4 COLLATE utf8mb4_general_ci NULL DEFAULT NULL COMMENT '操作人',
  `approval_time` datetime NULL DEFAULT NULL COMMENT '操作时间',
  PRIMARY KEY (`id`) USING BTREE
) ENGINE = InnoDB AUTO_INCREMENT = 1 CHARACTER SET = utf8mb4 COLLATE = utf8mb4_general_ci COMMENT = '产品部审批' ROW_FORMAT = Dynamic;

-- ----------------------------
-- Records of chanping
-- ----------------------------

-- ----------------------------
-- Table structure for client_info
-- ----------------------------
DROP TABLE IF EXISTS `client_info`;
CREATE TABLE `client_info`  (
  `id` varchar(255) CHARACTER SET utf8mb4 COLLATE utf8mb4_general_ci NOT NULL,
  `client_name` varchar(255) CHARACTER SET utf8mb4 COLLATE utf8mb4_general_ci NULL DEFAULT NULL COMMENT '客户名称',
  `client_source` varchar(255) CHARACTER SET utf8mb4 COLLATE utf8mb4_general_ci NULL DEFAULT NULL COMMENT '客户来源',
  `addr` varchar(255) CHARACTER SET utf8mb4 COLLATE utf8mb4_general_ci NULL DEFAULT NULL COMMENT '客户地址',
  `addr_max` varchar(255) CHARACTER SET utf8mb4 COLLATE utf8mb4_general_ci NULL DEFAULT NULL COMMENT '详细地址',
  `person_name` varchar(255) CHARACTER SET utf8mb4 COLLATE utf8mb4_general_ci NULL DEFAULT NULL COMMENT '联系人名字',
  `person_phone` varchar(255) CHARACTER SET utf8mb4 COLLATE utf8mb4_general_ci NULL DEFAULT NULL COMMENT '联系人电话',
  `position` varchar(255) CHARACTER SET utf8mb4 COLLATE utf8mb4_general_ci NULL DEFAULT NULL COMMENT '联系人职位',
  `dept` varchar(255) CHARACTER SET utf8mb4 COLLATE utf8mb4_general_ci NULL DEFAULT NULL COMMENT '联系人部门',
  `type` varchar(255) CHARACTER SET utf8mb4 COLLATE utf8mb4_general_ci NULL DEFAULT NULL COMMENT '类别',
  `profess` varchar(255) CHARACTER SET utf8mb4 COLLATE utf8mb4_general_ci NULL DEFAULT NULL COMMENT '行业',
  `is_teamwork` varchar(255) CHARACTER SET utf8mb4 COLLATE utf8mb4_general_ci NULL DEFAULT NULL COMMENT '是或否',
  `teamer` varchar(255) CHARACTER SET utf8mb4 COLLATE utf8mb4_general_ci NULL DEFAULT NULL COMMENT '市场对接人id',
  `create_by` varchar(255) CHARACTER SET utf8mb4 COLLATE utf8mb4_general_ci NULL DEFAULT NULL COMMENT '创建人id',
  PRIMARY KEY (`id`) USING BTREE
) ENGINE = InnoDB CHARACTER SET = utf8mb4 COLLATE = utf8mb4_general_ci COMMENT = '客户信息表' ROW_FORMAT = Dynamic;

-- ----------------------------
-- Records of client_info
-- ----------------------------
INSERT INTO `client_info` VALUES ('KHXX20230001', '广东艾百智能科技有限公司', NULL, '\"广东省/东莞市/大岭山镇/松山湖园区学府路1号9栋816室\\n东莞市东城街道莞长路平智科技创意园808室\"', '\"广东省/东莞市/大岭山镇/松山湖园区学府路1号9栋816室\\n东莞市东城街道莞长路平智科技创意园808室\"', '谢曙光', '13713336551', '商务经理', '', NULL, NULL, '是', '2857491104855278', '2857491104855278');
INSERT INTO `client_info` VALUES ('KHXX20230002', '广东胜建建设有限责任公司', NULL, '\"广东省/韶关市/南雄市/雄州街道/沿江西路33号二楼(作办公场所使用)\"', '\"广东省/韶关市/南雄市/雄州街道/沿江西路33号二楼(作办公场所使用)\"', '杨广', '13423652089', '商务', '', NULL, NULL, '是', '04013710091087127', '04013710091087127');
INSERT INTO `client_info` VALUES ('KHXX20230003', '广州晟能电子科技有限公司', NULL, '\"广东省/广州市/黄埔区/联和街道/科学城科学大道182号创新大厦C2栋第5层502单元\"', '\"广东省/广州市/黄埔区/联和街道/科学城科学大道182号创新大厦C2栋第5层502单元\"', '蒙进', '18928968590', '常务副总经理', '', NULL, NULL, '是', NULL, '');
INSERT INTO `client_info` VALUES ('KHXX20230004', '贵港市交通运输局', NULL, '\"广西壮族自治区/贵港市/港北区/港城街道/南苑街28号\"', '\"广西壮族自治区/贵港市/港北区/港城街道/南苑街28号\"', '/', '/', '', '', NULL, NULL, '是', NULL, '');
INSERT INTO `client_info` VALUES ('KHXX20230005', '江苏交航建设工程有限公司', NULL, '\"江苏省/盐城市/亭湖区/文峰街道/盐马路14号地块兴诚公寓1幢421室\"', '\"江苏省/盐城市/亭湖区/文峰街道/盐马路14号地块兴诚公寓1幢421室\"', '周政', '15861979895', '项目经理', '', NULL, NULL, '是', '0217672047729810', '0217672047729810');
INSERT INTO `client_info` VALUES ('KHXX20230006', '江西昌南建设集团有限公司', NULL, '\"江西省/南昌市/南昌县/莲塘镇/莲塘中大道233号\"', '\"江西省/南昌市/南昌县/莲塘镇/莲塘中大道233号\"', '/', '/', '', '', NULL, NULL, '是', '025434426233358130', '025434426233358130');
INSERT INTO `client_info` VALUES ('KHXX20230007', '江西庚远工程科技有限公司', NULL, '\"江西省/南昌市/其它区/枫林西大街麦园村麦园小区7栋二单元305室\\n南昌市经开区雷公坳文体产业园35栋109\"', '\"江西省/南昌市/其它区/枫林西大街麦园村麦园小区7栋二单元305室\\n南昌市经开区雷公坳文体产业园35栋109\"', '黄坤', '188 7939 9981', '', '', NULL, NULL, '是', '025434426233358130', '025434426233358130');
INSERT INTO `client_info` VALUES ('KHXX20230008', '江西省交通桥梁检测加固有限公司', NULL, '\"江西省/南昌市/南昌县/小蓝经济开发区/金沙大道809号\"', '\"江西省/南昌市/南昌县/小蓝经济开发区/金沙大道809号\"', '李桂林', '18770074950', '', '', NULL, NULL, '是', '025434426233358130', '025434426233358130');
INSERT INTO `client_info` VALUES ('KHXX20230009', '江西省交通运输科学研究院有限公司', NULL, '\"江西省/南昌市/南昌县/小蓝经济开发区/金沙大道809号\"', '\"江西省/南昌市/南昌县/小蓝经济开发区/金沙大道809号\"', '李桂林', '18770074950', '', '', NULL, NULL, '是', '025434426233358130', '025434426233358130');
INSERT INTO `client_info` VALUES ('KHXX20230010', '江西云擎科技有限公司', NULL, '\"江西省/南昌市/青山湖区/湖西新建区/火炬大街161号嘉德商业广场705、706、707室\"', '\"江西省/南昌市/青山湖区/湖西新建区/火炬大街161号嘉德商业广场705、706、707室\"', '胡思颖', '13576291471', '商务', '', NULL, NULL, '是', '025434426233358130', '025434426233358130');
INSERT INTO `client_info` VALUES ('KHXX20230011', '来宾新联北电通信科技有限公司', NULL, '\"广西壮族自治区/来宾市/其它区/荣和路2号创业大厦主楼501号北半面第B02号\"', '\"广西壮族自治区/来宾市/其它区/荣和路2号创业大厦主楼501号北半面第B02号\"', '任秀梅', '18607828887', '', '', NULL, NULL, '是', '04013710091087127', '04013710091087127');
INSERT INTO `client_info` VALUES ('KHXX20230012', '陕西高速星展科技有限公司', NULL, '\"陕西省/西安市/雁塔区/电子城街道/沣西新城西部云谷三期10号楼4层整层\\n陕西省西安市沣东新城六村堡丰产路57号陕西高速检测公司-综合楼4楼\"', '\"陕西省/西安市/雁塔区/电子城街道/沣西新城西部云谷三期10号楼4层整层\\n陕西省西安市沣东新城六村堡丰产路57号陕西高速检测公司-综合楼4楼\"', '王海荣', '13659182981', '项目经理', '', NULL, NULL, '是', '2857491104855278', '2857491104855278');
INSERT INTO `client_info` VALUES ('KHXX20230013', '田东县城市管理监督局', NULL, '\"广西壮族自治区/百色市/田东县/平马镇/庆平路尾\\n百色市田东县庆平路田东县交通运输局\"', '\"广西壮族自治区/百色市/田东县/平马镇/庆平路尾\\n百色市田东县庆平路田东县交通运输局\"', '李翔', '15277360278', '', '', NULL, NULL, '是', '2857491104855278', '2857491104855278');
INSERT INTO `client_info` VALUES ('KHXX20230014', '田东县交通运输局', NULL, '\"广西壮族自治区/百色市/田东县/平马镇/东宁西路66号\\n百色市田东县庆平路田东县交通运输局\"', '\"广西壮族自治区/百色市/田东县/平马镇/东宁西路66号\\n百色市田东县庆平路田东县交通运输局\"', '李翔', '15277360278', '', '', NULL, NULL, '是', '2857491104855278', '2857491104855278');
INSERT INTO `client_info` VALUES ('KHXX20230015', '新三科技有限公司', NULL, '\"广西壮族自治区/南宁市/西乡塘区/心圩街道/高科路8号电子产业园1#楼厂房七层北面C座\"', '\"广西壮族自治区/南宁市/西乡塘区/心圩街道/高科路8号电子产业园1#楼厂房七层北面C座\"', '张伟勇', '18877468081', '副总', '', NULL, NULL, '是', '04013710091087127', '04013710091087127');
INSERT INTO `client_info` VALUES ('KHXX20230016', '中铁桥隧技术有限公司', NULL, '\"江苏省/南京市/浦口区/盘城街道/磐能路8号\"', '\"江苏省/南京市/浦口区/盘城街道/磐能路8号\"', '赵明昊', '15850764649', '', '', NULL, NULL, '是', '025434426233358130', '025434426233358130');
INSERT INTO `client_info` VALUES ('KHXX20230017', '中冶（北京）交通科技发展有限公司', NULL, '\"北京/北京市/昌平区/城南街道/白浮泉路10号2号楼210A室\\n河北省廊坊市三河市燕郊经济开发区中兴科技园4A-4\"', '\"北京/北京市/昌平区/城南街道/白浮泉路10号2号楼210A室\\n河北省廊坊市三河市燕郊经济开发区中兴科技园4A-4\"', '张平', '15373739202', '', '', NULL, NULL, '是', '04013710091087127', '04013710091087127');
INSERT INTO `client_info` VALUES ('KHXX20230018', '中国铁塔股份有限公司南宁市分公司', NULL, '\"广西壮族自治区/南宁市/西乡塘区/高新技术开发区/总部路1号中国-东盟科技企业孵化基地一期D-11栋\"', '\"广西壮族自治区/南宁市/西乡塘区/高新技术开发区/总部路1号中国-东盟科技企业孵化基地一期D-11栋\"', '/', '/', '', '', NULL, NULL, '否', '52592754241037088', '52592754241037088');
INSERT INTO `client_info` VALUES ('KHXX20230019', '广东金晖通信科技有限公司', NULL, '\"广东省/广州市/天河区/林和街道/天河区林和西路153-157保利广场\\n梅县机场内广东金晖通信科技有限公司\"', '\"广东省/广州市/天河区/林和街道/天河区林和西路153-157保利广场\\n梅县机场内广东金晖通信科技有限公司\"', '彭志荣', '13723669038', '', '', NULL, NULL, '否', NULL, '');
INSERT INTO `client_info` VALUES ('KHXX20230020', '株洲中车时代电气股份有限公司', NULL, '\"湖南省/株洲市/石峰区/云田镇/株洲市石峰区时代路\"', '\"湖南省/株洲市/石峰区/云田镇/株洲市石峰区时代路\"', '郭智宇', '17773391106', '集采中心经理', '', NULL, NULL, '是', '52592754241037088', '52592754241037088');
INSERT INTO `client_info` VALUES ('KHXX20230021', '中国铁塔股份有限公司湖南省分公司', NULL, '\"湖南省/长沙市/芙蓉区/隆平高科技园/隆平路218号中房瑞致小区3号地块31栋办公楼801\"', '\"湖南省/长沙市/芙蓉区/隆平高科技园/隆平路218号中房瑞致小区3号地块31栋办公楼801\"', '任云', '13907309955', '行业拓展负责人', '', NULL, NULL, '否', '112608665833483073', '112608665833483073');
INSERT INTO `client_info` VALUES ('KHXX20230023', '中国铁塔股份有限公司长沙市分公司', NULL, '\"湖南省/长沙市/芙蓉区/隆平高科技园/隆平路218号中房瑞致小区3号地块31栋办公楼601\"', '\"湖南省/长沙市/芙蓉区/隆平高科技园/隆平路218号中房瑞致小区3号地块31栋办公楼601\"', '易翼', '13467561115', '行业拓展负责人', '', NULL, NULL, '否', '112608665833483073', '112608665833483073');
INSERT INTO `client_info` VALUES ('KHXX20230024', '湖南省应急管理厅', NULL, '\"湖南省/长沙市/雨花区/高桥街道/马王堆南路80号\"', '\"湖南省/长沙市/雨花区/高桥街道/马王堆南路80号\"', '吴值民', '19973180631', '信息中心负责人', '', NULL, NULL, '否', '112608665833483073', '112608665833483073');
INSERT INTO `client_info` VALUES ('KHXX20230025', '长沙市应急管理局', NULL, '\"湖南省/长沙市/岳麓区/银盆岭街道/富华路29号\"', '\"湖南省/长沙市/岳麓区/银盆岭街道/富华路29号\"', '王主任', '18817105118', '负责人', '安全生产协调部', NULL, NULL, '否', '112608665833483073', '112608665833483073');
INSERT INTO `client_info` VALUES ('KHXX20230026', '长沙市大数据中心（长沙市智慧城市建设事务中心）', NULL, '\"湖南省/长沙市/岳麓区/银盆岭街道/府前路（市政府大楼）\"', '\"湖南省/长沙市/岳麓区/银盆岭街道/府前路（市政府大楼）\"', '刘晓玉', '18216280712', '负责人', '大数据综合部', NULL, NULL, '否', '112608665833483073', '112608665833483073');
INSERT INTO `client_info` VALUES ('KHXX20230027', '中国铁路广州局集团有限公司长沙高铁工务段', NULL, '\"湖南省/长沙市/芙蓉区/五里牌街道/解放东路146号工务段机关办公楼\"', '\"湖南省/长沙市/芙蓉区/五里牌街道/解放东路146号工务段机关办公楼\"', '黄显泉', '18573300176', '科长', '桥隧科', NULL, NULL, '是', '112608665833483073', '112608665833483073');
INSERT INTO `client_info` VALUES ('KHXX20230028', '中国铁路广州局集团有限公司怀化工务段', NULL, '\"湖南省/怀化市/鹤城区/城北街道/铁北中路133号\"', '\"湖南省/怀化市/鹤城区/城北街道/铁北中路133号\"', '王主任', '15707409010', '科长', '桥隧科', NULL, NULL, '否', '112608665833483073', '112608665833483073');
INSERT INTO `client_info` VALUES ('KHXX20230029', '常德市城市桥梁管理处', NULL, '\"湖南省/常德市/武陵区/樟木桥街道/莲池路1号\"', '\"湖南省/常德市/武陵区/樟木桥街道/莲池路1号\"', '刘国军', '18075629292', '主任', '', NULL, NULL, '否', '173250145625863861', '173250145625863861');
INSERT INTO `client_info` VALUES ('KHXX20230030', '常德市应急管理局', NULL, '\"湖南省/常德市/武陵区/南坪街道/朝阳路1199号\"', '\"湖南省/常德市/武陵区/南坪街道/朝阳路1199号\"', '陈华山', '13762610898', '应急指挥中心', '', NULL, NULL, '否', '173250145625863861', '173250145625863861');
INSERT INTO `client_info` VALUES ('KHXX20230031', '衡阳市航务管理局', NULL, '\"湖南省/衡阳市/石鼓区/潇湘街道/司前街6号\"', '\"湖南省/衡阳市/石鼓区/潇湘街道/司前街6号\"', '刘科长', '13873402176', '科员', '', NULL, NULL, '否', '173250145625863861', '173250145625863861');
INSERT INTO `client_info` VALUES ('KHXX20230032', '湖南省高速公路集团有限公司长沙分公司', NULL, '\"湖南省/长沙市/长沙县/星沙街道/滨湖路北、107国道东\"', '\"湖南省/长沙市/长沙县/星沙街道/滨湖路北、107国道东\"', '吴漾', '18627567627', '部长', '', NULL, NULL, '否', '173250145625863861', '173250145625863861');
INSERT INTO `client_info` VALUES ('KHXX20230033', '湖南省高速公路集团有限公司娄底分公司', NULL, '\"湖南省/娄底市/娄星区/长青街道/长沙市高速集团娄底分公司工程部\"', '\"湖南省/娄底市/娄星区/长青街道/长沙市高速集团娄底分公司工程部\"', '谢加雨', '13077104645', '普通员工', '', NULL, NULL, '否', '173250145625863861', '173250145625863861');
INSERT INTO `client_info` VALUES ('KHXX20230034', '湘潭市城市管理和综合执法局', NULL, '\"湖南省/湘潭市/雨湖区/雨湖路街道/雨湖路251号\"', '\"湖南省/湘潭市/雨湖区/雨湖路街道/雨湖路251号\"', '王科长', '13607329805', '科长', '市政科', NULL, NULL, '否', '173250145625863861', '173250145625863861');
INSERT INTO `client_info` VALUES ('KHXX20230035', '湘潭市桥梁维护管理处', NULL, '\"湖南省/湘潭市/雨湖区/雨湖路街道/解放南路289号\"', '\"湖南省/湘潭市/雨湖区/雨湖路街道/解放南路289号\"', '彭勇锋', '17373249128', '科长', '安全科', NULL, NULL, '否', '173250145625863861', '173250145625863861');
INSERT INTO `client_info` VALUES ('KHXX20230036', '湘潭市交通运输局', NULL, '\"湖南省/湘潭市/岳塘区/板塘街道/湘潭大道\"', '\"湖南省/湘潭市/岳塘区/板塘街道/湘潭大道\"', '陈石', '13357329210', '科长', '港航科', NULL, NULL, '否', '173250145625863861', '173250145625863861');
INSERT INTO `client_info` VALUES ('KHXX20230037', '湖南省益阳公路桥梁建设有限责任公司', NULL, '\"湖南省/益阳市/赫山区/朝阳街道/长益路83号\"', '\"湖南省/益阳市/赫山区/朝阳街道/长益路83号\"', '龙庆辉', '13707372646', '总经理', '', NULL, NULL, '否', '173250145625863861', '173250145625863861');
INSERT INTO `client_info` VALUES ('KHXX20230038', '益阳市公路建设养护中心', NULL, '\"湖南省/益阳市/赫山区/金银山街道/桃花仑西路827号\"', '\"湖南省/益阳市/赫山区/金银山街道/桃花仑西路827号\"', '陈文辉', '15307373005', '主任', '', NULL, NULL, '否', '173250145625863861', '173250145625863861');
INSERT INTO `client_info` VALUES ('KHXX20230039', '湖南省高速公路集团有限公司工程分公司', NULL, '\"湖南省/长沙市/芙蓉区/火星街道/嘉雨路128号\"', '\"湖南省/长沙市/芙蓉区/火星街道/嘉雨路128号\"', '谢先生', '18570146805', '', '', NULL, NULL, '否', '01393504110320937363', '01393504110320937363');
INSERT INTO `client_info` VALUES ('KHXX20230040', '湖南高速建设工程有限公司', NULL, '\"湖南省/郴州市/苏仙区/苏仙岭街道/高速集团郴州分公司高速收费口\"', '\"湖南省/郴州市/苏仙区/苏仙岭街道/高速集团郴州分公司高速收费口\"', '文晓', '17773383510', '总工程师', '', NULL, NULL, '否', '01393504110320937363', '01393504110320937363');
INSERT INTO `client_info` VALUES ('KHXX20230041', '湖南省高速公路集团有限公司养护分公司', NULL, '\"湖南省/长沙市/开福区/月湖街道/三一大道500号\"', '\"湖南省/长沙市/开福区/月湖街道/三一大道500号\"', '吴恙', '18627567627', '总工程师', '', NULL, NULL, '否', '01393504110320937363', '01393504110320937363');
INSERT INTO `client_info` VALUES ('KHXX20230042', '湖南路桥建设集团有限责任公司长江分公司', NULL, '\"湖南省/长沙市/雨花区/雨花亭街道/韶山南路239号办公楼403室\"', '\"湖南省/长沙市/雨花区/雨花亭街道/韶山南路239号办公楼403室\"', '黄莹', '18073099980', '', '', NULL, NULL, '否', '01393504110320937363', '01393504110320937363');
INSERT INTO `client_info` VALUES ('KHXX20230043', '衡阳市公路建设养护中心', NULL, '\"湖南省/衡阳市/蒸湘区/蒸湘街道/蒸湘北路87号\"', '\"湖南省/衡阳市/蒸湘区/蒸湘街道/蒸湘北路87号\"', '丁科长', 'hailiang654453660', '科长', '桥隧科', NULL, NULL, '否', '01393504110320937363', '01393504110320937363');
INSERT INTO `client_info` VALUES ('KHXX20230044', '衡阳市住房和城乡建设局', NULL, '\"湖南省/衡阳市/石鼓区/青山街道/环城北路101号\"', '\"湖南省/衡阳市/石鼓区/青山街道/环城北路101号\"', '谭劲旅', '13762409656', '副科长', '', NULL, NULL, '否', '01393504110320937363', '01393504110320937363');
INSERT INTO `client_info` VALUES ('KHXX20230045', '湖南省佳源航务工程有限公司', NULL, '\"湖南省/衡阳市/雁峰区/黄茶岭街道/拥军路12号亿豪名园8号住宅楼1506室\"', '\"湖南省/衡阳市/雁峰区/黄茶岭街道/拥军路12号亿豪名园8号住宅楼1506室\"', '雷总', '18073489898', '总经理', '', NULL, NULL, '否', '01393504110320937363', '01393504110320937363');
INSERT INTO `client_info` VALUES ('KHXX20230046', '永州市冷水滩区公路建设养护中心', NULL, '\"湖南省/永州市/冷水滩区/梅湾街道/河东双洲路62号\"', '\"湖南省/永州市/冷水滩区/梅湾街道/河东双洲路62号\"', '周明珠', '13874382669', '科长', '', NULL, NULL, '否', '01393504110320937363', '01393504110320937363');
INSERT INTO `client_info` VALUES ('KHXX20230047', '衡阳市海事局', NULL, '\"湖南省/衡阳市/石鼓区/潇湘街道/司前街6号\"', '\"湖南省/衡阳市/石鼓区/潇湘街道/司前街6号\"', '娄科长', '13873446410', '科长', '', NULL, NULL, '否', '01393504110320937363', '01393504110320937363');
INSERT INTO `client_info` VALUES ('KHXX20230048', '衡南县公路建设养护中心', NULL, '\"湖南省/衡阳市/衡南县/云集街道/云峰路\"', '\"湖南省/衡阳市/衡南县/云集街道/云峰路\"', '刘晓芳', '17707345446', '股长', '', NULL, NULL, '否', '01393504110320937363', '01393504110320937363');
INSERT INTO `client_info` VALUES ('KHXX20230049', '攸县交通运输局', NULL, '\"湖南省/株洲市/攸县/春联街道/东城新区发展中心主楼15楼1559室\"', '\"湖南省/株洲市/攸县/春联街道/东城新区发展中心主楼15楼1559室\"', '张文武', 'hnyxjtzww', '办公室主任', '', NULL, NULL, '否', '01393504110320937363', '01393504110320937363');
INSERT INTO `client_info` VALUES ('KHXX20230050', '安徽航安交通工程有限公司', NULL, '\"安徽省/宿州市/砀山县/砀城镇/摇光星居7栋306室\"', '\"安徽省/宿州市/砀山县/砀城镇/摇光星居7栋306室\"', '黄坤', '18079174542', '', '', NULL, NULL, '是', '025434426233358130', '025434426233358130');
INSERT INTO `client_info` VALUES ('KHXX20230051', '安徽省交通规划设计研究总院股份有限公司', NULL, '\"安徽省/合肥市/肥西县/桃花镇/香樟大道180号\"', '\"安徽省/合肥市/肥西县/桃花镇/香樟大道180号\"', '李建', '18855101216', '高工', '', NULL, NULL, '否', '025434426233358130', '025434426233358130');
INSERT INTO `client_info` VALUES ('KHXX20230052', '丰城市交通运输局', NULL, '\"江西省/宜春市/丰城市/孙渡街道/紫云大道交通运输局大楼\"', '\"江西省/宜春市/丰城市/孙渡街道/紫云大道交通运输局大楼\"', '周正龙', '18870550202', '科长', '安全科', NULL, NULL, '否', '025434426233358130', '025434426233358130');
INSERT INTO `client_info` VALUES ('KHXX20230053', '丰城市市政园林管理处', NULL, '\"江西省/宜春市/丰城市/河洲街道/建设大厦\"', '\"江西省/宜春市/丰城市/河洲街道/建设大厦\"', '余青海', '13879500340', '科长', '', NULL, NULL, '否', '025434426233358130', '025434426233358130');
INSERT INTO `client_info` VALUES ('KHXX20230054', '丰城紫云大桥项目办', NULL, '\"江西省/宜春市/丰城市/丰城矿务局/紫云大桥项目办\"', '\"江西省/宜春市/丰城市/丰城矿务局/紫云大桥项目办\"', '李总', '15606859688', '副总经理', '', NULL, NULL, '否', '025434426233358130', '025434426233358130');
INSERT INTO `client_info` VALUES ('KHXX20230055', '赣东港航管理局上饶分局', NULL, '\"江西省/上饶市/鄱阳县/白沙洲乡//\"', '\"江西省/上饶市/鄱阳县/白沙洲乡//\"', '胡科长', '13879303046', '科长', '', NULL, NULL, '否', '025434426233358130', '025434426233358130');
INSERT INTO `client_info` VALUES ('KHXX20230056', '赣江（蒙华铁路大桥至峡江枢纽段）', NULL, '\"江西省/赣州市/赣县区/白鹭乡//\"', '\"江西省/赣州市/赣县区/白鹭乡//\"', '余松', '13698055826', '科长', '', NULL, NULL, '否', '025434426233358130', '025434426233358130');
INSERT INTO `client_info` VALUES ('KHXX20230057', '江西赣粤高速公路股份有限公司', NULL, '\"江西省/南昌市/青山湖区/湖西新建区/火炬大街199号赣能大厦\"', '\"江西省/南昌市/青山湖区/湖西新建区/火炬大街199号赣能大厦\"', '金学勤', '13767017603', '工程师', '运营部', NULL, NULL, '否', '025434426233358130', '025434426233358130');
INSERT INTO `client_info` VALUES ('KHXX20230058', '赣州市城市管理局', NULL, '\"江西省/赣州市/章贡区/沙河镇/八一四大道89号\"', '\"江西省/赣州市/章贡区/沙河镇/八一四大道89号\"', '伍人海', '13307079609', '科长', '', NULL, NULL, '否', '025434426233358130', '025434426233358130');
INSERT INTO `client_info` VALUES ('KHXX20230059', '江西省高速公路投资集团有限责任公司赣州管理中心', NULL, '\"江西省/赣州市/信丰县/小江镇/迎宾大道101号\"', '\"江西省/赣州市/信丰县/小江镇/迎宾大道101号\"', '刘宝龙', '15270881240', '专工', '', NULL, NULL, '否', '025434426233358130', '025434426233358130');
INSERT INTO `client_info` VALUES ('KHXX20230060', '赣州市公路发展中心上犹分中心', NULL, '\"江西省/赣州市/上犹县/东山镇/犹江南路与胜利路交叉路口往南约50米\"', '\"江西省/赣州市/上犹县/东山镇/犹江南路与胜利路交叉路口往南约50米\"', '熊旭', '13576675021', '工程师', '', NULL, NULL, '否', '025434426233358130', '025434426233358130');
INSERT INTO `client_info` VALUES ('KHXX20230061', '赣州市市政工程有限公司', NULL, '\"江西省/赣州市/章贡区/南外街道/南河路２号\"', '\"江西省/赣州市/章贡区/南外街道/南河路２号\"', '王总', '17702632615', '项目经理', '工程部', NULL, NULL, '否', '025434426233358130', '025434426233358130');
INSERT INTO `client_info` VALUES ('KHXX20230062', '吉安市公路建设和养护中心', NULL, '\"江西省/吉安市/吉州区/永叔街道/井冈山大道98号\"', '\"江西省/吉安市/吉州区/永叔街道/井冈山大道98号\"', '陶晓芬', '13979611026', '高工', '', NULL, NULL, '否', '025434426233358130', '025434426233358130');
INSERT INTO `client_info` VALUES ('KHXX20230063', '吉水县城市管理局', NULL, '\"江西省/吉安市/吉水县/文峰镇/龙华中大道499号\"', '\"江西省/吉安市/吉水县/文峰镇/龙华中大道499号\"', '高玉兰', '15979637319', '专工', '', NULL, NULL, '否', '025434426233358130', '025434426233358130');
INSERT INTO `client_info` VALUES ('KHXX20230064', '江西省港航设计院有限公司', NULL, '\"江西省/南昌市/东湖区/滕王阁街道/抚河北路249号交通科技综合大楼8、9楼\"', '\"江西省/南昌市/东湖区/滕王阁街道/抚河北路249号交通科技综合大楼8、9楼\"', '文院长', '13707092864', '院长', '', NULL, NULL, '否', '025434426233358130', '025434426233358130');
INSERT INTO `client_info` VALUES ('KHXX20230065', '江西省交通设计研究院有限责任公司', NULL, '\"江西省/南昌市/青云谱区/徐家坊街道/井冈山大道657号\"', '\"江西省/南昌市/青云谱区/徐家坊街道/井冈山大道657号\"', '陈晔', '18170085538', '副所长', '', NULL, NULL, '否', '025434426233358130', '025434426233358130');
INSERT INTO `client_info` VALUES ('KHXX20230066', '江西公路开发有限责任公司', NULL, '\"江西省/南昌市/红谷滩区/沙井街道/红谷中大道1366号\"', '\"江西省/南昌市/红谷滩区/沙井街道/红谷中大道1366号\"', '谭副总', '13970099677', '副总经理', '', NULL, NULL, '否', '025434426233358130', '025434426233358130');
INSERT INTO `client_info` VALUES ('KHXX20230067', '江西省交通工程集团投资有限公司', NULL, '\"江西省/南昌市/东湖区/扬子洲镇/红谷滩新区凤凰北大道999号\"', '\"江西省/南昌市/东湖区/扬子洲镇/红谷滩新区凤凰北大道999号\"', '邓经理', '15870608610', '经理', '运营部', NULL, NULL, '否', '025434426233358130', '025434426233358130');
INSERT INTO `client_info` VALUES ('KHXX20230068', '中国铁路南昌局集团有限公司九江桥工段', NULL, '\"江西省/九江市/濂溪区/五里街道/长虹大道598号\"', '\"江西省/九江市/濂溪区/五里街道/长虹大道598号\"', '彭科长', '13970267624', '科长', '', NULL, NULL, '否', '025434426233358130', '025434426233358130');
INSERT INTO `client_info` VALUES ('KHXX20230069', '南昌市城市管理局', NULL, '\"江西省/南昌市/红谷滩区/沙井街道/碟子湖大道299号\"', '\"江西省/南昌市/红谷滩区/沙井街道/碟子湖大道299号\"', '彭小林', '13807082628', '副局', '', NULL, NULL, '否', '025434426233358130', '025434426233358130');
INSERT INTO `client_info` VALUES ('KHXX20230070', '南昌市公路勘察设计院', NULL, '\"江西省/南昌市/红谷滩区/沙井街道/阳明东路奥斯卡大厦11层1122室-1142室\"', '\"江西省/南昌市/红谷滩区/沙井街道/阳明东路奥斯卡大厦11层1122室-1142室\"', '郭总', '13207919862', '高工', '', NULL, NULL, '否', '025434426233358130', '025434426233358130');
INSERT INTO `client_info` VALUES ('KHXX20230071', '南昌市公路事业发展中心', NULL, '\"江西省/南昌市/红谷滩区/沙井街道/青山南路609号\"', '\"江西省/南昌市/红谷滩区/沙井街道/青山南路609号\"', '张耀平科长', '13907910426', '科长', '', NULL, NULL, '否', '025434426233358130', '025434426233358130');
INSERT INTO `client_info` VALUES ('KHXX20230072', '南昌市交通运输局', NULL, '\"江西省/南昌市/红谷滩区/沙井街道/会展路199号红谷大厦B座九楼\"', '\"江西省/南昌市/红谷滩区/沙井街道/会展路199号红谷大厦B座九楼\"', '谭洪钟', '15083521588', '科长', '', NULL, NULL, '否', '025434426233358130', '025434426233358130');
INSERT INTO `client_info` VALUES ('KHXX20230073', '南昌市住房和城乡建设局', NULL, '\"江西省/南昌市/青云谱区/青云谱镇/南昌市青云谱区洪都南大道86号\"', '\"江西省/南昌市/青云谱区/青云谱镇/南昌市青云谱区洪都南大道86号\"', '万英来', '18807919597', '部长', '桥梁养护中心', NULL, NULL, '否', '025434426233358130', '025434426233358130');
INSERT INTO `client_info` VALUES ('KHXX20230074', '中国铁路南昌局集团有限公司', NULL, '\"江西省/南昌市/西湖区/南站街道/站前路７号\"', '\"江西省/南昌市/西湖区/南站街道/站前路７号\"', '黄高工', '1355983891', '高工', '工务处', NULL, NULL, '否', '025434426233358130', '025434426233358130');
INSERT INTO `client_info` VALUES ('KHXX20230075', '鄱阳县交通运输局', NULL, '\"江西省/上饶市/鄱阳县/饶州街道/芝阳路445号\"', '\"江西省/上饶市/鄱阳县/饶州街道/芝阳路445号\"', '邓晓平', '13970326322', '科长', '', NULL, NULL, '否', '025434426233358130', '025434426233358130');
INSERT INTO `client_info` VALUES ('KHXX20230076', '上饶市公路管理局', NULL, '\"江西省/上饶市/信州区/水南街道/丰溪路28号\"', '\"江西省/上饶市/信州区/水南街道/丰溪路28号\"', '曾海墨', '18070330618', '专责', '', NULL, NULL, '否', '025434426233358130', '025434426233358130');
INSERT INTO `client_info` VALUES ('KHXX20230077', '上饶市公路管理局鄱阳分局', NULL, '\"江西省/上饶市/鄱阳县/饶州街道/芝阳路242号\"', '\"江西省/上饶市/鄱阳县/饶州街道/芝阳路242号\"', '程副局', '13970302518', '副局长', '', NULL, NULL, '否', '025434426233358130', '025434426233358130');
INSERT INTO `client_info` VALUES ('KHXX20230079', '江西省高速集团上饶管理中心', NULL, '\"江西省/上饶市/万年县/齐埠乡/齐埠乡景鹰高速公路\"', '\"江西省/上饶市/万年县/齐埠乡/齐埠乡景鹰高速公路\"', '杨先来', '18270170885', '科长', '', NULL, NULL, '否', '025434426233358130', '025434426233358130');
INSERT INTO `client_info` VALUES ('KHXX20230080', '万安县城市管理局', NULL, '\"江西省/吉安市/万安县/芙蓉镇/崇文路93号\"', '\"江西省/吉安市/万安县/芙蓉镇/崇文路93号\"', '任局长', '13970657023', '局长', '', NULL, NULL, '是', '025434426233358130', '025434426233358130');
INSERT INTO `client_info` VALUES ('KHXX20230081', '南昌市新建区交通运输局', NULL, '\"江西省/南昌市/新建区/江西长堎外商投资工业区/明矾路333号天兴和顺苑3栋1单元1502室\"', '\"江西省/南昌市/新建区/江西长堎外商投资工业区/明矾路333号天兴和顺苑3栋1单元1502室\"', '朱芸霄', '13870991822', '高工', '公路事务中心', NULL, NULL, '否', '025434426233358130', '025434426233358130');
INSERT INTO `client_info` VALUES ('KHXX20230082', '鹰潭市住房和城乡建设局', NULL, '\"江西省/鹰潭市/贵溪市/江北街道/经济大厦D区4楼\"', '\"江西省/鹰潭市/贵溪市/江北街道/经济大厦D区4楼\"', '朱主任', '15607015858', '主任', '桥梁养护中心', NULL, NULL, '否', '025434426233358130', '025434426233358130');
INSERT INTO `client_info` VALUES ('KHXX20230083', '余干县交通运输局', NULL, '\"江西省/上饶市/余干县/玉亭镇/永安西路1号\"', '\"江西省/上饶市/余干县/玉亭镇/永安西路1号\"', '张科长', '13979394958', '科长', '', NULL, NULL, '否', '025434426233358130', '025434426233358130');
INSERT INTO `client_info` VALUES ('KHXX20230084', '上饶市余干公路事业发展中心（余干公路局）', NULL, '\"江西省/上饶市/余干县/玉亭镇/干越大道567号\"', '\"江西省/上饶市/余干县/玉亭镇/干越大道567号\"', '盛总', '13879322299', '副总经理', '', NULL, NULL, '否', '025434426233358130', '025434426233358130');
INSERT INTO `client_info` VALUES ('KHXX20230085', '江西樟树赣江大桥管理处', NULL, '\"江西省/宜春市/樟树市/淦阳街道/药都路19号\"', '\"江西省/宜春市/樟树市/淦阳街道/药都路19号\"', '周兴', '13870535510', '科长', '', NULL, NULL, '否', '025434426233358130', '025434426233358130');
INSERT INTO `client_info` VALUES ('KHXX20230086', '贵港市科技局', NULL, '\"广西壮族自治区/贵港市/港北区/港城街道/兴贵路财政局综合楼3层\"', '\"广西壮族自治区/贵港市/港北区/港城街道/兴贵路财政局综合楼3层\"', '韦总', '15108095588', '总经理', '', NULL, NULL, '否', '04013710091087127', '04013710091087127');
INSERT INTO `client_info` VALUES ('KHXX20230087', '梧州市应急管理局', NULL, '\"广西壮族自治区/梧州市/长洲区/大塘街道/新兴三路1号\"', '\"广西壮族自治区/梧州市/长洲区/大塘街道/新兴三路1号\"', '周工', '18677421338', '科长', '', NULL, NULL, '否', '04013710091087127', '04013710091087127');
INSERT INTO `client_info` VALUES ('KHXX20230088', '梧州市交通运输局', NULL, '\"广西壮族自治区/梧州市/长洲区/大塘街道/新兴二路120号\"', '\"广西壮族自治区/梧州市/长洲区/大塘街道/新兴二路120号\"', '张局', '13507748380', '副局', '', NULL, NULL, '否', '04013710091087127', '04013710091087127');
INSERT INTO `client_info` VALUES ('KHXX20230089', '广西壮族自治区梧州航道养护中心', NULL, '\"广西壮族自治区/梧州市/长洲区/大塘街道/银湖南路27号\"', '\"广西壮族自治区/梧州市/长洲区/大塘街道/银湖南路27号\"', '陆科长', '1387741906', '科长', '', NULL, NULL, '否', '04013710091087127', '04013710091087127');
INSERT INTO `client_info` VALUES ('KHXX20230090', '中华人民共和国梧州海事局', NULL, '\"广西壮族自治区/梧州市/长洲区/大塘街道/新兴三路17号\"', '\"广西壮族自治区/梧州市/长洲区/大塘街道/新兴三路17号\"', '张主办', '18777432293', '科长', '', NULL, NULL, '否', '04013710091087127', '04013710091087127');
INSERT INTO `client_info` VALUES ('KHXX20230091', '藤县交通运输局', NULL, '\"广西壮族自治区/梧州市/藤县/藤州镇/津南路150号\"', '\"广西壮族自治区/梧州市/藤县/藤州镇/津南路150号\"', '黄主任', '18077432688', '部门主任', '', NULL, NULL, '否', '04013710091087127', '04013710091087127');
INSERT INTO `client_info` VALUES ('KHXX20230092', '广西壮族自治区南宁航道管理局', NULL, '\"广西壮族自治区/南宁市/江南区/福建园街道/福建路10-23号南宁航务大厦\"', '\"广西壮族自治区/南宁市/江南区/福建园街道/福建路10-23号南宁航务大厦\"', '李科长', '13617713019', '科长', '', NULL, NULL, '否', '04013710091087127', '04013710091087127');
INSERT INTO `client_info` VALUES ('KHXX20230093', '南宁市市政工程管理处', NULL, '\"广西壮族自治区/南宁市/兴宁区/朝阳街道/中华路50-19号\"', '\"广西壮族自治区/南宁市/兴宁区/朝阳街道/中华路50-19号\"', '罗主任', '13807887979', '处长', '', NULL, NULL, '否', '04013710091087127', '04013710091087127');
INSERT INTO `client_info` VALUES ('KHXX20230094', '中冶马梧高速公路建设发展有限公司', NULL, '\"广西壮族自治区/梧州市/长洲区/兴龙街道/中冶马梧高速公路建设发展有限公司\"', '\"广西壮族自治区/梧州市/长洲区/兴龙街道/中冶马梧高速公路建设发展有限公司\"', '赵总工', '15277430699', '总工', '', NULL, NULL, '否', '04013710091087127', '04013710091087127');
INSERT INTO `client_info` VALUES ('KHXX20230095', '中华人民共和国贵港海事局', NULL, '\"广西壮族自治区/贵港市/港北区/港城街道/中山路355号\"', '\"广西壮族自治区/贵港市/港北区/港城街道/中山路355号\"', '王处长', '15107852019', '处长', '', NULL, NULL, '否', '04013710091087127', '04013710091087127');
INSERT INTO `client_info` VALUES ('KHXX20230096', '自治区贵港公路发展中心', NULL, '\"广西壮族自治区/贵港市/港北区/港城街道/区政府后面200米\"', '\"广西壮族自治区/贵港市/港北区/港城街道/区政府后面200米\"', '李斌', '18078573089', '科长', '', NULL, NULL, '否', '04013710091087127', '04013710091087127');
INSERT INTO `client_info` VALUES ('KHXX20230097', '贵港市城市管理监督局', NULL, '\"广西壮族自治区/贵港市/港北区/港城街道/仙衣路1111号\"', '\"广西壮族自治区/贵港市/港北区/港城街道/仙衣路1111号\"', '覃局', '18078570021', '副局', '', NULL, NULL, '否', '04013710091087127', '04013710091087127');
INSERT INTO `client_info` VALUES ('KHXX20230098', '苍梧县交通运输局', NULL, '\"广西壮族自治区/梧州市/苍梧县/京南镇/新县城政务综合办公大楼二楼\"', '\"广西壮族自治区/梧州市/苍梧县/京南镇/新县城政务综合办公大楼二楼\"', '程主任', '13481480588', '部门主任', '', NULL, NULL, '否', '04013710091087127', '04013710091087127');
INSERT INTO `client_info` VALUES ('KHXX20230099', '中国—东盟信息港股份有限公司', NULL, '\"广西壮族自治区/南宁市/良庆区/良庆镇/秋月路18号\"', '\"广西壮族自治区/南宁市/良庆区/良庆镇/秋月路18号\"', '方总', '18707747315', '分公司总经理', '', NULL, NULL, '否', '04013710091087127', '04013710091087127');
INSERT INTO `client_info` VALUES ('KHXX20230100', '中国铁塔股份有限公司梧州市分公司', NULL, '\"广西壮族自治区/梧州市/长洲区/大塘街道/冬湖路1号职工文化活动综合楼第九层\"', '\"广西壮族自治区/梧州市/长洲区/大塘街道/冬湖路1号职工文化活动综合楼第九层\"', '王总', '18877483456', '部门总监', '', NULL, NULL, '否', '04013710091087127', '04013710091087127');
INSERT INTO `client_info` VALUES ('KHXX20230101', '中国联合网络通信集团有限公司梧州市分公司', NULL, '\"广西壮族自治区/梧州市/万秀区/富民街道/大南路34号\"', '\"广西壮族自治区/梧州市/万秀区/富民街道/大南路34号\"', '麦总', '18677414123', '部门总监', '', NULL, NULL, '否', '04013710091087127', '04013710091087127');
INSERT INTO `client_info` VALUES ('KHXX20230102', '中国移动通信集团广西有限公司贵港分公司', NULL, '\"广西壮族自治区/贵港市/港北区/港城街道/仙衣路1519号\"', '\"广西壮族自治区/贵港市/港北区/港城街道/仙衣路1519号\"', '韦总', '18807850668', '部门总监', '', NULL, NULL, '否', '04013710091087127', '04013710091087127');
INSERT INTO `client_info` VALUES ('KHXX20230103', '中国铁塔股份有限公司贵港市分公司', NULL, '\"广西壮族自治区/贵港市/港北区/贵城街道/达开路1095号\"', '\"广西壮族自治区/贵港市/港北区/贵城街道/达开路1095号\"', '庞经理', '18978541807', '行业经理', '', NULL, NULL, '否', '04013710091087127', '04013710091087127');
INSERT INTO `client_info` VALUES ('KHXX20230104', '丰城市应急管理局', NULL, '\"江西省/宜春市/丰城市/河洲街道/梦祥路209号\"', '\"江西省/宜春市/丰城市/河洲街道/梦祥路209号\"', '徐', '18779984015', '救灾股股长', '', NULL, NULL, '否', '1057142060790858', '1057142060790858');
INSERT INTO `client_info` VALUES ('KHXX20230105', '莲花县应急管理局', NULL, '\"江西省/萍乡市/莲花县/琴亭镇/兴康路2号\"', '\"江西省/萍乡市/莲花县/琴亭镇/兴康路2号\"', '朱', '15079960767', '办公室主任', '', NULL, NULL, '否', '1057142060790858', '1057142060790858');
INSERT INTO `client_info` VALUES ('KHXX20230106', '芦溪县水利局', NULL, '\"江西省/萍乡市/芦溪县/芦溪镇/小江路怡和源西侧约190米\"', '\"江西省/萍乡市/芦溪县/芦溪镇/小江路怡和源西侧约190米\"', '龙', '13607995869', '办公室主任', '', NULL, NULL, '否', '1057142060790858', '1057142060790858');
INSERT INTO `client_info` VALUES ('KHXX20230107', '芦溪县应急管理局', NULL, '\"江西省/萍乡市/芦溪县/芦溪镇/S225(迎宾大道)\"', '\"江西省/萍乡市/芦溪县/芦溪镇/S225(迎宾大道)\"', '刘', '13807991769', '防灾股股长', '', NULL, NULL, '否', '1057142060790858', '1057142060790858');
INSERT INTO `client_info` VALUES ('KHXX20230108', '上饶市公安局', NULL, '\"江西省/上饶市/广信区/茶亭镇/广信大道118号\"', '\"江西省/上饶市/广信区/茶亭镇/广信大道118号\"', '刘', '15970332288', '主任', '科信部', NULL, NULL, '否', '1057142060790858', '1057142060790858');
INSERT INTO `client_info` VALUES ('KHXX20230109', '湘东区应急管理局', NULL, '\"江西省/萍乡市/湘东区/湘东镇/中心幼儿园西南侧约160米\"', '\"江西省/萍乡市/湘东区/湘东镇/中心幼儿园西南侧约160米\"', '田', '13687998717', '防灾股股长', '', NULL, NULL, '否', '1057142060790858', '1057142060790858');
INSERT INTO `client_info` VALUES ('KHXX20230110', '中国铁路南昌局集团有限公司赣州车务段', NULL, '\"江西省/赣州市/章贡区/章江街道/站前大道5号\"', '\"江西省/赣州市/章贡区/章江街道/站前大道5号\"', '张', '13979797976', '部长', '安全部', NULL, NULL, '否', '1057142060790858', '1057142060790858');
INSERT INTO `client_info` VALUES ('KHXX20230111', '中国铁路南昌局集团有限公司上饶市车务段', NULL, '\"江西省/上饶市/信州区/灵溪街道/长亭路与吴楚大道交叉路口往西约190米\"', '\"江西省/上饶市/信州区/灵溪街道/长亭路与吴楚大道交叉路口往西约190米\"', '陆', '13979301028', '部长', '安全部', NULL, NULL, '否', '1057142060790858', '1057142060790858');
INSERT INTO `client_info` VALUES ('KHXX20230112', '江苏中慧川建设有限公司', NULL, '\"江苏省/无锡市/江阴市/澄江街道/永康五金城66号楼309\"', '\"江苏省/无锡市/江阴市/澄江街道/永康五金城66号楼309\"', '贡斌', '17715689723', '老板', '', NULL, NULL, '否', '1901030035-1456805645', '1901030035-1456805645');
INSERT INTO `client_info` VALUES ('KHXX20230113', '中路交科检测技术有限公司', NULL, '\"江苏省/南京市/浦口区/江浦街道/海桥路8号\"', '\"江苏省/南京市/浦口区/江浦街道/海桥路8号\"', '杨阳', '15950519021', 'CEO', '新基建事业部', NULL, NULL, '否', '1901030035-1456805645', '1901030035-1456805645');
INSERT INTO `client_info` VALUES ('KHXX20230114', '中铁十六局集团有限公司', NULL, '\"北京/北京市/朝阳区/安贞街道/红松园北里2号\"', '\"北京/北京市/朝阳区/安贞街道/红松园北里2号\"', '王总', '16657152692', '经理', '物资采购部', NULL, NULL, '否', '1901030035-1456805645', '1901030035-1456805645');
INSERT INTO `client_info` VALUES ('KHXX20230115', '南京地铁运营有限责任公司', NULL, '\"江苏省/南京市/玄武区/玄武湖街道/中山路228号\"', '\"江苏省/南京市/玄武区/玄武湖街道/中山路228号\"', '苗工', '15751884095', '工务分公司工程师', '', NULL, NULL, '否', '1901030035-1456805645', '1901030035-1456805645');
INSERT INTO `client_info` VALUES ('KHXX20230116', '长江南京航道局', NULL, '\"江苏省/南京市/其它区/公共路64号\"', '\"江苏省/南京市/其它区/公共路64号\"', '凡亚军', '18651885521', '科长', '工程科', NULL, NULL, '否', '1901030035-1456805645', '1901030035-1456805645');
INSERT INTO `client_info` VALUES ('KHXX20230117', '温州市港航管理中心', NULL, '\"浙江省/温州市/鹿城区/滨江街道/瓯江路1155号\"', '\"浙江省/温州市/鹿城区/滨江街道/瓯江路1155号\"', '赵冠南', '13957717708', '副主任', '', NULL, NULL, '否', '1901030035-1456805645', '1901030035-1456805645');
INSERT INTO `client_info` VALUES ('KHXX20230118', '九江市柴桑区应急管理局', NULL, '\"江西省/九江市/柴桑区/沙河街道/沿河北路38号\"', '\"江西省/九江市/柴桑区/沙河街道/沿河北路38号\"', '/', '/', '', '', NULL, NULL, '否', '025434426233358130', '025434426233358130');
INSERT INTO `client_info` VALUES ('KHXX20230119', '中国铁路南昌局集团有限公司南昌工务段', NULL, '\"江西省/南昌市/西湖区/南浦街道/二七南路125号\"', '\"江西省/南昌市/西湖区/南浦街道/二七南路125号\"', '\\', '\\', '', '', NULL, NULL, '否', '025434426233358130', '025434426233358130');
INSERT INTO `client_info` VALUES ('KHXX20230120', '福州地铁集团有限公司', NULL, '\"福建省/福州市/台江区/鳌峰街道/达道路156号\"', '\"福建省/福州市/台江区/鳌峰街道/达道路156号\"', '\\', '\\', '', '', NULL, NULL, '否', '025434426233358130', '025434426233358130');
INSERT INTO `client_info` VALUES ('KHXX20230121', '福州市首邑交通建设投资有限责任公司', NULL, '\"福建省/福州市/闽侯县/甘蔗街道/滨城大道71号第17-18层\"', '\"福建省/福州市/闽侯县/甘蔗街道/滨城大道71号第17-18层\"', '\\', '\\', '', '', NULL, NULL, '否', '025434426233358130', '025434426233358130');
INSERT INTO `client_info` VALUES ('KHXX20230122', '中国联合网络通信集团有限公司萍乡市分公司', NULL, '\"江西省/萍乡市/安源区/后埠街道/朝阳路132号\"', '\"江西省/萍乡市/安源区/后埠街道/朝阳路132号\"', '\\', '\\', '', '', NULL, NULL, '否', '025434426233358130', '025434426233358130');
INSERT INTO `client_info` VALUES ('KHXX20230123', '岑溪市交警大队', NULL, '\"广西壮族自治区/梧州市/岑溪市/岑城镇/玉梧大道东155号公安局交通警察大队\"', '\"广西壮族自治区/梧州市/岑溪市/岑城镇/玉梧大道东155号公安局交通警察大队\"', '\\', '\\', '', '', NULL, NULL, '是', '04013710091087127', '04013710091087127');
INSERT INTO `client_info` VALUES ('KHXX20230124', '广西交通投资集团有限公司', NULL, '\"广西壮族自治区/南宁市/青秀区/南湖街道/民族大道146号三祺广场48楼\"', '\"广西壮族自治区/南宁市/青秀区/南湖街道/民族大道146号三祺广场48楼\"', '\\', '\\', '', '', NULL, NULL, '否', '04013710091087127', '04013710091087127');
INSERT INTO `client_info` VALUES ('KHXX20230125', '平陆运河集团有限公司', NULL, '\"广西壮族自治区/南宁市/良庆区/大沙田街道/凯旋路5号交投大厦B座十六楼1618号房\"', '\"广西壮族自治区/南宁市/良庆区/大沙田街道/凯旋路5号交投大厦B座十六楼1618号房\"', '\\', '\\', '', '', NULL, NULL, '否', '04013710091087127', '04013710091087127');
INSERT INTO `client_info` VALUES ('KHXX20230126', '梧州市城市管理监督局', NULL, '\"广西壮族自治区/梧州市/长洲区/长洲镇/新兴三路6—1号\"', '\"广西壮族自治区/梧州市/长洲区/长洲镇/新兴三路6—1号\"', '\\', '\\', '', '', NULL, NULL, '否', '04013710091087127', '04013710091087127');
INSERT INTO `client_info` VALUES ('KHXX20230127', '南宁轨道交通集团有限责任公司', NULL, '\"广西壮族自治区/南宁市/江南区/江南街道/云景路69号\"', '\"广西壮族自治区/南宁市/江南区/江南街道/云景路69号\"', '\\', '\\', '', '', NULL, NULL, '否', '52592754241037088', '52592754241037088');
INSERT INTO `client_info` VALUES ('KHXX20230128', '中国铁路广州局集团有限公司', NULL, '\"广东省/广州市/越秀区/东山街道/中山一路151号\"', '\"广东省/广州市/越秀区/东山街道/中山一路151号\"', '\\', '\\', '', '', NULL, NULL, '是', '52592754241037088', '52592754241037088');
INSERT INTO `client_info` VALUES ('KHXX20230129', '中国铁路武汉局集团有限公司', NULL, '\"湖北省/武汉市/武昌区/紫阳街街道/八一路2号\"', '\"湖北省/武汉市/武昌区/紫阳街街道/八一路2号\"', '\\', '\\', '', '', NULL, NULL, '否', '52592754241037088', '52592754241037088');
INSERT INTO `client_info` VALUES ('KHXX20230130', '武汉轨道交通建设有限公司', NULL, '\"湖北省/武汉市/洪山区/关东街道/中北东路50号\"', '\"湖北省/武汉市/洪山区/关东街道/中北东路50号\"', '\\', '\\', '', '', NULL, NULL, '否', '52592754241037088', '52592754241037088');
INSERT INTO `client_info` VALUES ('KHXX20230131', '中国铁路南宁局集团有限公司', NULL, '\"广西壮族自治区/南宁市/青秀区/建政街道/佛子岭路21号\"', '\"广西壮族自治区/南宁市/青秀区/建政街道/佛子岭路21号\"', '\\', '\\', '', '', NULL, NULL, '否', '52592754241037088', '52592754241037088');
INSERT INTO `client_info` VALUES ('KHXX20230132', '浙江杉工智能科技有限公司', NULL, '\"浙江省/宁波市/海曙区/集士港镇/望春工业园区杉杉路1号\"', '\"浙江省/宁波市/海曙区/集士港镇/望春工业园区杉杉路1号\"', '\\', '\\', '', '', NULL, NULL, '否', '1901030035-1456805645', '1901030035-1456805645');
INSERT INTO `client_info` VALUES ('KHXX20230133', '英特尔（中国）有限公司', NULL, '\"广东省/深圳市/南山区/南山街道/高新南九道9号威新软件科技园3号楼3-5层\"', '\"广东省/深圳市/南山区/南山街道/高新南九道9号威新软件科技园3号楼3-5层\"', '黄昊', '18680308787', '现场应用工程师', '中国区技术销售部', NULL, NULL, '否', '060638565426741348', '060638565426741348');
INSERT INTO `client_info` VALUES ('KHXX20230134', '广东东方兴信息科技有限公司', NULL, '\"广东省/惠州市/惠城区/潼湖镇/惠州市上排路11号怀清庭苑3层01号\"', '\"广东省/惠州市/惠城区/潼湖镇/惠州市上排路11号怀清庭苑3层01号\"', '卢瑞枫', '18802666622', '副总经理', '', NULL, NULL, '否', NULL, '');
INSERT INTO `client_info` VALUES ('KHXX20230135', '广深铁路股份有限公司广州南高铁工务段', NULL, '\"广东省/广州市/番禺区/沙湾街道/广州市番禺区沙湾街古坝西村动车街133号五栋101\"', '\"广东省/广州市/番禺区/沙湾街道/广州市番禺区沙湾街古坝西村动车街133号五栋101\"', '吴科长', '15815837685', '科长', '', NULL, NULL, '是', '52592754241037088', '52592754241037088');
INSERT INTO `client_info` VALUES ('KHXX20230136', '湖南欣和智慧工程有限公司', NULL, '\"湖南省/常德市/临澧县/望城街道/湖南省常德市临澧县经济开发区科创中心大楼13楼1302室\"', '\"湖南省/常德市/临澧县/望城街道/湖南省常德市临澧县经济开发区科创中心大楼13楼1302室\"', '余明明', '13973668166', '总经理', '', NULL, NULL, '否', '173250145625863861', '173250145625863861');
INSERT INTO `client_info` VALUES ('KHXX20230137', '广西建工第一建筑工程集团有限公司南宁公司', NULL, '\"广西壮族自治区/南宁市/西乡塘区/衡阳街道/衡阳东路1号广西一建大厦\"', '\"广西壮族自治区/南宁市/西乡塘区/衡阳街道/衡阳东路1号广西一建大厦\"', '李斌', '微信号Whxxx2Z', '', '产品部', NULL, NULL, '否', '255353314526082444', '255353314526082444');
INSERT INTO `client_info` VALUES ('KHXX20230138', '中国铁路南昌局集团有限公司鹰潭工务段', NULL, '\"江西省/鹰潭市/月湖区/白露街道/江西省鹰潭市月湖区南站路18号\"', '\"江西省/鹰潭市/月湖区/白露街道/江西省鹰潭市月湖区南站路18号\"', '张工', '13870143660', '科长', '林务科', NULL, NULL, '否', '025434426233358130', '025434426233358130');
INSERT INTO `client_info` VALUES ('KHXX20230139', '广州北羊信息技术有限公司', NULL, '\"广东省/广州市/越秀区/白云街道/白云路2号首层\"', '\"广东省/广州市/越秀区/白云街道/白云路2号首层\"', '/', '/', '', '', NULL, NULL, '是', '52592754241037088', '52592754241037088');
INSERT INTO `client_info` VALUES ('KHXX20230141', '湖南誉为工程建设有限公司', '自己挖掘的客户', '\"湖南省/长沙市/芙蓉区/荷花园街道/东二环靠近长沙站\"', '\"湖南省/长沙市/芙蓉区/荷花园街道/东二环靠近长沙站\"', '李总', '18007313561', '', '', '总包', '水运', '是', NULL, '');
INSERT INTO `client_info` VALUES ('KHXX20230143', '测试', '云上导粮客户', '\"广东省/佛山市/南海区/桂城街道/三龙湾大道辅路7号靠近碧桂园·广佛上城\"', '\"广东省/佛山市/南海区/桂城街道/三龙湾大道辅路7号靠近碧桂园·广佛上城\"', '测试', '1000', '', '', '业主', '零售业', '否', NULL, '0223043233301062376');
INSERT INTO `client_info` VALUES ('KHXX20230144', '南昌通号信号厂', '自己挖掘的客户', '\"江西省/南昌市/青山湖区/站东街道/新魏路68号靠近南昌长途汽车站\"', '\"江西省/南昌市/青山湖区/站东街道/新魏路68号靠近南昌长途汽车站\"', '邓建辉', '13970820066', '', '', '行业生态伙伴', '铁路', '否', NULL, '025434426233358130');
INSERT INTO `client_info` VALUES ('KHXX20230145', '测试22', '挂网项目客户', '\"北京/北京市/昌平区/百善镇/111\"', '\"北京/北京市/昌平区/百善镇/111\"', '测试', '测试', '', '', '行业生态伙伴', '水运', '否', NULL, '142664415526704425');
INSERT INTO `client_info` VALUES ('KHXX20230146', '测试1023', '挂网项目客户', '\"广东省/佛山市/南海区/桂城街道/魁奇路靠近碧桂园·广佛上城\"', '\"广东省/佛山市/南海区/桂城街道/魁奇路靠近碧桂园·广佛上城\"', '测试1023', '111111111', '', '', '行业生态伙伴', '铁路', '否', NULL, '142664415526704425');
INSERT INTO `client_info` VALUES ('KHXX20230147', '测试10231', '挂网项目客户', '\"广东省/佛山市/南海区/桂城街道/魁奇路靠近碧桂园·广佛上城\"', '\"广东省/佛山市/南海区/桂城街道/魁奇路靠近碧桂园·广佛上城\"', '林', '11111', '', '', '行业生态伙伴', '水运', '否', NULL, '142664415526704425');
INSERT INTO `client_info` VALUES ('KHXX20230149', '测试10232', '挂网项目客户', '\"广东省/佛山市/南海区/桂城街道/魁奇路靠近碧桂园·广佛上城\"', '\"广东省/佛山市/南海区/桂城街道/魁奇路靠近碧桂园·广佛上城\"', '11', '11', '', '', '行业生态伙伴', '铁路', '否', NULL, '142664415526704425');
INSERT INTO `client_info` VALUES ('KHXX20230150', '玉林市移动', '自己挖掘的客户', '\"广西壮族自治区/玉林市/玉州区/城北街道/广场东路\"', '\"广西壮族自治区/玉林市/玉州区/城北街道/广场东路\"', '吴总', '158 7708 1847', '经理', '业务部', '总包', '计算机、通信和其他电子设备制造业', '否', NULL, '020648342421683351');
INSERT INTO `client_info` VALUES ('KHXX20230152', '中国铁路西安局集团有限公司宝鸡工务段', '自己挖掘的客户', '\"陕西省/宝鸡市/金台区/西关街道/陕西省宝鸡市金台区曙光路53号\"', '\"陕西省/宝鸡市/金台区/西关街道/陕西省宝鸡市金台区曙光路53号\"', '陈鹏', '18291777415', '', '', '业主', '铁路', '否', NULL, '172964562221564838');
INSERT INTO `client_info` VALUES ('KHXX20230153', '云南新优特智能科技有限公司', '云上导粮客户', '\"云南省/昆明市/官渡区/大板桥街道/云南省昆明市官渡区广福路东段双城际商务中心C座2307室\"', '\"云南省/昆明市/官渡区/大板桥街道/云南省昆明市官渡区广福路东段双城际商务中心C座2307室\"', '李总', '18787125604', '', '', '行业生态伙伴', '铁路', '否', NULL, '172964562221564838');
INSERT INTO `client_info` VALUES ('KHXX20230154', '中国铁路成都局集团有限公司成都工务段', '自己挖掘的客户', '\"四川省/成都市/成华区/龙潭街道/四川省成都市成华区驷马桥路2号成都工务段及供电段办公综合楼1至4楼\"', '\"四川省/成都市/成华区/龙潭街道/四川省成都市成华区驷马桥路2号成都工务段及供电段办公综合楼1至4楼\"', '孙春平', '02886453656', '', '', '业主', '铁路', '否', NULL, '172964562221564838');
INSERT INTO `client_info` VALUES ('KHXX20230155', '中国铁路成都局集团有限公司成都高铁工务段', '自己挖掘的客户', '\"四川省/成都市/成华区/龙潭街道/四川省成都市成华区驷马桥路2号成铁综合大楼12至14楼\"', '\"四川省/成都市/成华区/龙潭街道/四川省成都市成华区驷马桥路2号成铁综合大楼12至14楼\"', '陈自微', '18781382635', '', '', '业主', '铁路', '否', NULL, '172964562221564838');
INSERT INTO `client_info` VALUES ('KHXX20230156', '湘潭市疾控中心', '自己挖掘的客户', '\"湖南省/湘潭市/雨湖区/北二环路靠近湘潭市卫生计生综合监督执法局\"', '\"湖南省/湘潭市/雨湖区/北二环路靠近湘潭市卫生计生综合监督执法局\"', '周主任', 'keep3moving', '', '', '业主', '机关及事业单位', '否', NULL, '173250145625863861');
INSERT INTO `client_info` VALUES ('KHXX20230157', '闽侯大桥项目', '自己挖掘的客户', '\"福建省/福州市/台江区/宁化街道/上浦路37号靠近富力中心\"', '\"福建省/福州市/台江区/宁化街道/上浦路37号靠近富力中心\"', '于工', '18561726326', '项目负责人', '', '总包', '水运', '否', '1057142060790858', '1057142060790858');
INSERT INTO `client_info` VALUES ('KHXX20230158', '武汉铁路局工务处', '自己挖掘的客户', '\"湖北省/武汉市/武昌区/八一路4号靠近武汉铁路局机关\"', '\"湖北省/武汉市/武昌区/八一路4号靠近武汉铁路局机关\"', '刘科', '13971020191', '科长', '桥隧科', '业主', '铁路', '否', '112608665833483073', '112608665833483073');
INSERT INTO `client_info` VALUES ('KHXX20230159', '湖南意佳建筑工程有限公司', '自己挖掘的客户', '\"湖南省/湘潭市/岳塘区/建设路街道/东湖东路靠近江岸明珠\"', '\"湖南省/湘潭市/岳塘区/建设路街道/东湖东路靠近江岸明珠\"', '周武阳', '14707390739', '', '', '总包', '水运', '否', NULL, '173250145625863861');
INSERT INTO `client_info` VALUES ('KHXX20230160', '湖州市长兴县公路路政管理局', '挂网项目客户', '\"浙江省/湖州市/长兴县/太湖街道/太湖东路靠近长兴县道路运输管理局\"', '\"浙江省/湖州市/长兴县/太湖街道/太湖东路靠近长兴县道路运输管理局\"', '张工', '0572-6265191', '路政设施管理', '', '业主', '公路', '否', '064069553423367809', '064069553423367809');
INSERT INTO `client_info` VALUES ('KHXX20230161', '中国电信衡阳分公司', '自己挖掘的客户', '\"湖南省/衡阳市/石鼓区/黄沙湾街道/蒸湘北路靠近电信大楼\"', '\"湖南省/衡阳市/石鼓区/黄沙湾街道/蒸湘北路靠近电信大楼\"', '杨总', '15607474301', '', '', '业主', '计算机、通信和其他电子设备制造业', '否', NULL, '173250145625863861');
INSERT INTO `client_info` VALUES ('KHXX20230162', '南宁市联通', '自己挖掘的客户', '\"广西壮族自治区/南宁市/良庆区/良庆镇/平乐大道靠近中国联通南宁市分公司\"', '\"广西壮族自治区/南宁市/良庆区/良庆镇/平乐大道靠近中国联通南宁市分公司\"', '分公司总经理', '微信', '总经理', '', '战略生态伙伴', '研究和试验发展', '否', NULL, '020648342421683351');
INSERT INTO `client_info` VALUES ('KHXX20230163', '中国铁路昆明局集团有限公司开远工务段', '自己挖掘的客户', '\"云南省/红河哈尼族彝族自治州/开远市/灵泉街道/云南省红河哈尼族彝族自治州开远市彩云路3号716号办公楼\"', '\"云南省/红河哈尼族彝族自治州/开远市/灵泉街道/云南省红河哈尼族彝族自治州开远市彩云路3号716号办公楼\"', '杨浩', '13888907258', '', '', '业主', '铁路', '否', NULL, '172964562221564838');
INSERT INTO `client_info` VALUES ('KHXX20230164', '中国铁路昆明局集团有限公司昆明南工务段', '自己挖掘的客户', '\"云南省/昆明市/官渡区/大板桥街道/昆明片区官渡区南二环路八道外昆铁工务段办公楼165幢\"', '\"云南省/昆明市/官渡区/大板桥街道/昆明片区官渡区南二环路八道外昆铁工务段办公楼165幢\"', '文明伟', '15198939640', '', '', '业主', '铁路', '否', NULL, '172964562221564838');
INSERT INTO `client_info` VALUES ('KHXX20230165', '中国铁路昆明局集团有限公司曲靖工务段', '自己挖掘的客户', '\"云南省/曲靖市/马龙区/马过河镇/曲靖市寥廓北路59号大楼\"', '\"云南省/曲靖市/马龙区/马过河镇/曲靖市寥廓北路59号大楼\"', '杨元强', '15911922990', '', '', '业主', '铁路', '否', NULL, '172964562221564838');
INSERT INTO `client_info` VALUES ('KHXX20230166', '台州市港航事业发展中心', '自己挖掘的客户', '\"浙江省/台州市/椒江区/海门街道/江滨路台州市港航管理局\"', '\"浙江省/台州市/椒江区/海门街道/江滨路台州市港航管理局\"', '徐所', '15305882228', '副所长', '桥梁管理所', '业主', '水运', '否', '064069553423367809', '064069553423367809');
INSERT INTO `client_info` VALUES ('KHXX20230167', '中国电信椒江电信分局', '自己挖掘的客户', '\"浙江省/台州市/椒江区/白云街道/轮渡路251号\"', '\"浙江省/台州市/椒江区/白云街道/轮渡路251号\"', '王金友', '13968637787', '经理', '政企事业部', '总包', '计算机、通信和其他电子设备制造业', '否', '064069553423367809', '064069553423367809');
INSERT INTO `client_info` VALUES ('KHXX20230168', '衡山县应急管理局', '云上导粮客户', '\"湖南省/衡阳市/蒸湘区/华兴街道/祝融路\"', '\"湖南省/衡阳市/蒸湘区/华兴街道/祝融路\"', '康鑫宇', '19976766606', '', '', '业主', '机关及事业单位', '否', NULL, '173250145625863861');
INSERT INTO `client_info` VALUES ('KHXX20230169', '衡阳市公路管理局', '自己挖掘的客户', '\"湖南省/衡阳市/石鼓区/潇湘街道/蒸湘北路靠近衡阳市公路管理局\"', '\"湖南省/衡阳市/石鼓区/潇湘街道/蒸湘北路靠近衡阳市公路管理局\"', '李科', '13507349695', '', '', '业主', '公路', '否', NULL, '173250145625863861');
INSERT INTO `client_info` VALUES ('KHXX20230170', '中国铁路成都局集团有限公司内江工务段', '自己挖掘的客户', '\"四川省/内江市/市中区/牌楼街道/内江市市中区牌楼路383号1幢101号\"', '\"四川省/内江市/市中区/牌楼街道/内江市市中区牌楼路383号1幢101号\"', '邓珂屹', '13709415007', '', '', '业主', '铁路', '否', NULL, '172964562221564838');
INSERT INTO `client_info` VALUES ('KHXX20230171', '成都市时代蜀湘科技有限公司', '云上导粮客户', '\"四川省/成都市/金牛区/荷花池街道/成都市金牛区北成8号(人民北路一段西)\"', '\"四川省/成都市/金牛区/荷花池街道/成都市金牛区北成8号(人民北路一段西)\"', '谭亮', '132 1904 9172', '', '', '行业生态伙伴', '铁路', '否', NULL, '172964562221564838');
INSERT INTO `client_info` VALUES ('KHXX20230172', '衡阳市住建局市政科', '自己挖掘的客户', '\"湖南省/衡阳市/石鼓区/青山街道/环城北路靠近建设大厦(船山大道)\"', '\"湖南省/衡阳市/石鼓区/青山街道/环城北路靠近建设大厦(船山大道)\"', '谭科长', '13762409656', '', '', '业主', '水运', '否', NULL, '173250145625863861');
INSERT INTO `client_info` VALUES ('KHXX20230173', '进贤疾控中心', '自己挖掘的客户', '\"江西省/南昌市/进贤县/民和镇/沿江路59号靠近进贤县人民医院\"', '\"江西省/南昌市/进贤县/民和镇/沿江路59号靠近进贤县人民医院\"', '周科长', '15870634466', '', '', '业主', '软件和信息技术服务业', '否', NULL, '025434426233358130');
INSERT INTO `client_info` VALUES ('KHXX20230174', '江西省南昌市进贤县疾控中心', '自己挖掘的客户', '\"江西省/南昌市/进贤县/民和镇/沿江路59号靠近进贤县人民医院\"', '\"江西省/南昌市/进贤县/民和镇/沿江路59号靠近进贤县人民医院\"', '周科长', '15870634466', '', '', '业主', '软件和信息技术服务业', '否', '1057142060790858', '1057142060790858');
INSERT INTO `client_info` VALUES ('KHXX20230175', '广东飞达交通工程公司', '自己挖掘的客户', '\"广东省/广州市/黄埔区/联和街道/科学大道46号靠近广州黄埔大悦汇\"', '\"广东省/广州市/黄埔区/联和街道/科学大道46号靠近广州黄埔大悦汇\"', '吴经理', '02087072260', '研发经理', '', '总包', '公路', '否', NULL, '2857491104855278');
INSERT INTO `client_info` VALUES ('KHXX20230176', '中国铁路上海局合肥工务段', '自己挖掘的客户', '\"安徽省/合肥市/包河区/芜湖路街道/太湖路82靠近太湖新村\"', '\"安徽省/合肥市/包河区/芜湖路街道/太湖路82靠近太湖新村\"', '江科长', '18755129084', '', '', '业主', '铁路', '否', NULL, '164406591126330834');
INSERT INTO `client_info` VALUES ('KHXX20230177', '衡阳工务段', '自己挖掘的客户', '\"湖南省/衡阳市/蒸湘区/红湘街道/株洲大道靠近新安居3栋\"', '\"湖南省/衡阳市/蒸湘区/红湘街道/株洲大道靠近新安居3栋\"', '刘科', '13637349420', '', '', '业主', '铁路', '否', NULL, '173250145625863861');
INSERT INTO `client_info` VALUES ('KHXX20230178', '株洲中交清水塘投资开发有限公司', '自己挖掘的客户', '\"湖南省/株洲市/石峰区/铜塘湾街道/铜霞路靠近株洲市隆盛渣土运输工程有限公司\"', '\"湖南省/株洲市/石峰区/铜塘湾街道/铜霞路靠近株洲市隆盛渣土运输工程有限公司\"', '陈总', '15071057299', '', '', '业主', '水运', '否', NULL, '173250145625863861');
INSERT INTO `client_info` VALUES ('KHXX20230179', '南宁市高速铁路建设办公室', '自己挖掘的客户', '\"广西壮族自治区/南宁市/青秀区/南湖街道/滨湖路65号\"', '\"广西壮族自治区/南宁市/青秀区/南湖街道/滨湖路65号\"', '李副主任', '15277711666', '办公室副主任', '', '业主', '铁路', '否', NULL, '020648342421683351');
INSERT INTO `client_info` VALUES ('KHXX20230180', '深圳市应急局', '自己挖掘的客户', '\"广东省/深圳市/福田区/莲花街道/深圳市人民政府\"', '\"广东省/深圳市/福田区/莲花街道/深圳市人民政府\"', '应急指挥中心', '075588100100', '', '', '业主', '机关及事业单位', '否', NULL, '2857491104855278');
INSERT INTO `client_info` VALUES ('KHXX20230181', '武汉理工协会', '自己挖掘的客户', '\"广西壮族自治区/南宁市/江南区/福建园街道/白沙大道靠近美豪四季酒店\"', '\"广西壮族自治区/南宁市/江南区/福建园街道/白沙大道靠近美豪四季酒店\"', '罗总', '微信', '', '', '战略生态伙伴', '机关及事业单位', '是', NULL, '020648342421683351');
INSERT INTO `client_info` VALUES ('KHXX20230182', '深圳城安院', '自己挖掘的客户', '\"广东省/深圳市/罗湖区/清水河街道/清水河三路16号\"', '\"广东省/深圳市/罗湖区/清水河街道/清水河三路16号\"', '凡博士', '0775', '', '', '总包', '机关及事业单位', '否', NULL, '2857491104855278');
INSERT INTO `client_info` VALUES ('KHXX20230183', '肇庆工务段', '自己挖掘的客户', '\"广东省/肇庆市/端州区/睦岗街道/站北路23号靠近三茂铁路肇庆文明小区\"', '\"广东省/肇庆市/端州区/睦岗街道/站北路23号靠近三茂铁路肇庆文明小区\"', '车间主任孙立新', '18666799316', '', '', '业主', '铁路', '否', NULL, '2857491104855278');
INSERT INTO `client_info` VALUES ('KHXX20230184', '广西沃斯托普电子设备有限公司', '自己挖掘的客户', '\"广西壮族自治区/南宁市/青秀区/建政街道/厢竹大道靠近万达写字楼\"', '\"广西壮族自治区/南宁市/青秀区/建政街道/厢竹大道靠近万达写字楼\"', '叶祥明', '139 2285 1565', '总经理', '', '行业生态伙伴', '计算机、通信和其他电子设备制造业', '否', NULL, '020648342421683351');
INSERT INTO `client_info` VALUES ('KHXX20230185', '中国铁路成都局集团有限公司绵阳工务段', '自己挖掘的客户', '\"四川省/绵阳市/涪城区/朝阳街道/绵阳市涪城区一环路西段41号\"', '\"四川省/绵阳市/涪城区/朝阳街道/绵阳市涪城区一环路西段41号\"', '巨虎', '18683829501', '', '', '业主', '铁路', '否', NULL, '172964562221564838');
INSERT INTO `client_info` VALUES ('KHXX20230186', '郑州洛阳工务段', '自己挖掘的客户', '\"河南省/洛阳市/涧西区/长春路街道/匍园路靠近月湖小区二期\"', '\"河南省/洛阳市/涧西区/长春路街道/匍园路靠近月湖小区二期\"', '刘椅凡', '037962722050', '', '', '业主', '铁路', '否', NULL, '173250145625863861');
INSERT INTO `client_info` VALUES ('KHXX20230187', '九江桥工段', '自己挖掘的客户', '\"江西省/九江市/濂溪区/五里街道/长虹大道辅路616靠近九江银行大厦\"', '\"江西省/九江市/濂溪区/五里街道/长虹大道辅路616靠近九江银行大厦\"', '曹总工', '13970206802', '总工', '', '业主', '铁路', '否', '1057142060790858', '1057142060790858');
INSERT INTO `client_info` VALUES ('KHXX20230188', '1108', '挂网项目客户', '\"广东省/佛山市/南海区/桂城街道/魁奇路靠近碧桂园·广佛上城\"', '\"广东省/佛山市/南海区/桂城街道/魁奇路靠近碧桂园·广佛上城\"', '1108', '1108', '', '', '行业生态伙伴', '水运', '否', NULL, '142664415526704425');
INSERT INTO `client_info` VALUES ('KHXX20230189', '常德水运中心', '自己挖掘的客户', '\"湖南省/常德市/武陵区/启明街道/双拥路靠近常德市地方海事局\"', '\"湖南省/常德市/武陵区/启明街道/双拥路靠近常德市地方海事局\"', '陈主任', '13607360727', '', '', '业主', '水运', '否', NULL, '173250145625863861');
INSERT INTO `client_info` VALUES ('KHXX20230190', '中国铁路成都局集团有限公司遂宁工务段', '自己挖掘的客户', '\"四川省/遂宁市/船山区/凯旋路街道/遂宁市船山区明月路786号\"', '\"四川省/遂宁市/船山区/凯旋路街道/遂宁市船山区明月路786号\"', '沈洪强', '13547791891', '', '', '业主', '铁路', '否', NULL, '172964562221564838');
INSERT INTO `client_info` VALUES ('KHXX20230191', '中国铁路成都局集团有限公司达州工务段', '自己挖掘的客户', '\"四川省/达州市/达川区/翠屏街道/达州市通川区铁中路7号\"', '\"四川省/达州市/达川区/翠屏街道/达州市通川区铁中路7号\"', '黄卫', '1389699765', '', '', '业主', '铁路', '否', NULL, '172964562221564838');
INSERT INTO `client_info` VALUES ('KHXX20230192', '中国铁路成都局集团有限公司重庆工务段', '自己挖掘的客户', '\"重庆/重庆市/九龙坡区/黄桷坪街道/重庆市九龙坡区黄桷坪铁路三、四村站场\"', '\"重庆/重庆市/九龙坡区/黄桷坪街道/重庆市九龙坡区黄桷坪铁路三、四村站场\"', '邹俊新', '15823921024', '', '', '业主', '铁路', '否', NULL, '172964562221564838');
INSERT INTO `client_info` VALUES ('KHXX20230193', '中国铁路昆明局集团有限公司昆明工务段', '自己挖掘的客户', '\"云南省/昆明市/官渡区/官渡街道/云南省昆明市官渡区昆明站八道外165栋大楼\"', '\"云南省/昆明市/官渡区/官渡街道/云南省昆明市官渡区昆明站八道外165栋大楼\"', '夏跃璇', '18314418449', '', '', '业主', '铁路', '否', NULL, '172964562221564838');
INSERT INTO `client_info` VALUES ('KHXX20230194', '常德市桥梁管理处', '自己挖掘的客户', '\"湖南省/常德市/武陵区/樟木桥街道/莲池路靠近常德市城市桥梁管理处\"', '\"湖南省/常德市/武陵区/樟木桥街道/莲池路靠近常德市城市桥梁管理处\"', '刘局长', '18075629292', '', '', '业主', '水运', '否', NULL, '173250145625863861');
INSERT INTO `client_info` VALUES ('KHXX20230195', '三鼎电气', '自己挖掘的客户', '\"山东省/济南市/历下区/舜华路街道/伯乐路288-1号靠近正元建设工程有限责任公司勘察设计研究院\"', '\"山东省/济南市/历下区/舜华路街道/伯乐路288-1号靠近正元建设工程有限责任公司勘察设计研究院\"', '张总', '15553109088', '项目负责人', '科长', '总包', '铁路', '否', NULL, '164406591126330834');
INSERT INTO `client_info` VALUES ('KHXX20230197', '惠州工务段', '自己挖掘的客户', '\"广东省/惠州市/惠城区/小金口街道/站前一路4号靠近广梅汕家园\"', '\"广东省/惠州市/惠城区/小金口街道/站前一路4号靠近广梅汕家园\"', '曾科长', '微信', '', '', '业主', '铁路', '否', NULL, '2857491104855278');
INSERT INTO `client_info` VALUES ('KHXX20230198', '中国铁路昆明局集团公司广通工电段', '挂网项目客户', '\"云南省/楚雄彝族自治州/禄丰市/仁兴镇/禄丰县广通镇庙山庙北39栋\"', '\"云南省/楚雄彝族自治州/禄丰市/仁兴镇/禄丰县广通镇庙山庙北39栋\"', '黄啟江', '18287820924', '', '', '业主', '铁路', '否', NULL, '172964562221564838');
INSERT INTO `client_info` VALUES ('KHXX20230199', '郑州铁路局', '自己挖掘的客户', '\"湖南省/长沙市/开福区/月湖街道/匍园路靠近月湖小区二期\"', '\"湖南省/长沙市/开福区/月湖街道/匍园路靠近月湖小区二期\"', '郑工', '037168324768', '', '', '业主', '铁路', '否', NULL, '173250145625863861');
INSERT INTO `client_info` VALUES ('KHXX20230200', '南昌车务段', '自己挖掘的客户', '\"江西省/南昌市/青云谱区/青云谱镇/莲塘北大道668号靠近梅湖明珠\"', '\"江西省/南昌市/青云谱区/青云谱镇/莲塘北大道668号靠近梅湖明珠\"', '尹', '134 3705 8853', '副科长', '安全科', '业主', '铁路', '否', '1057142060790858', '1057142060790858');
INSERT INTO `client_info` VALUES ('KHXX20230202', '111', '挂网项目客户', '\"广东省/佛山市/南海区/桂城街道/魁奇路靠近碧桂园·广佛上城\"', '\"广东省/佛山市/南海区/桂城街道/魁奇路靠近碧桂园·广佛上城\"', '暂时无', '暂时无', '', '', '行业生态伙伴', '水运', '否', NULL, '142664415526704425');
INSERT INTO `client_info` VALUES ('KHXX20230203', '1114', '挂网项目客户', '\"广东省/佛山市/南海区/桂城街道/魁奇路靠近碧桂园·广佛上城\"', '\"广东省/佛山市/南海区/桂城街道/魁奇路靠近碧桂园·广佛上城\"', '暂时无', '暂时无', '', '', '行业生态伙伴', '水运', '否', NULL, '142664415526704425');
INSERT INTO `client_info` VALUES ('KHXX20230204', '来宾市联通分公司', '挂网项目客户', '\"广西壮族自治区/来宾市/兴宾区/城北街道/人民路靠近投资发展大厦\"', '\"广西壮族自治区/来宾市/兴宾区/城北街道/人民路靠近投资发展大厦\"', '李总', '186 7727 5585', '部门经理', '', '总包', '软件和信息技术服务业', '是', '020648342421683351', '020648342421683351');
INSERT INTO `client_info` VALUES ('KHXX20230205', '理工大桥梁设计', '自己挖掘的客户', '\"湖南省/长沙市/芙蓉区/东屯渡街道/市政府\"', '\"湖南省/长沙市/芙蓉区/东屯渡街道/市政府\"', '钟博士', '18472469142', '', '', '业主', '水运', '否', NULL, '173250145625863861');
INSERT INTO `client_info` VALUES ('KHXX20230206', '南昌公路桥梁工程有限公司', '自己挖掘的客户', '\"江西省/南昌市/东湖区/董家窑街道/青山南路609号靠近南昌市公路管理局\"', '\"江西省/南昌市/东湖区/董家窑街道/青山南路609号靠近南昌市公路管理局\"', '张园操', '13803522326', '', '', '总包', '公路', '否', '1057142060790858', '1057142060790858');
INSERT INTO `client_info` VALUES ('KHXX20230207', '都安县交通局', '自己挖掘的客户', '\"广西壮族自治区/河池市/都安瑶族自治县/安阳镇/翠屏路139号靠近都安瑶族自治县交通运输局\"', '\"广西壮族自治区/河池市/都安瑶族自治县/安阳镇/翠屏路139号靠近都安瑶族自治县交通运输局\"', '蓝会计', '18977839955', '财务科主任', '', '业主', '机关及事业单位', '是', NULL, '2857491104855278');
INSERT INTO `client_info` VALUES ('KHXX20230208', '梧州市东信分公司', '挂网项目客户', '\"广西壮族自治区/梧州市/长洲区/长洲镇/国龙财富中心2820\"', '\"广西壮族自治区/梧州市/长洲区/长洲镇/国龙财富中心2820\"', '方总', '187 0774 7315', '总经理', '', '行业生态伙伴', '软件和信息技术服务业', '是', '020648342421683351', '020648342421683351');
INSERT INTO `client_info` VALUES ('KHXX20230209', '南昌铁路局通信信号厂有限公司', '自己挖掘的客户', '\"江西省/南昌市/青山湖区/站东街道/新魏路68号靠近南昌长途汽车站\"', '\"江西省/南昌市/青山湖区/站东街道/新魏路68号靠近南昌长途汽车站\"', '邓建辉', '139 0708 7357', '', '', '总包', '铁路', '否', '1057142060790858', '1057142060790858');
INSERT INTO `client_info` VALUES ('KHXX20230210', '郑州局月山工务段', '自己挖掘的客户', '\"湖南省/长沙市/开福区/月湖街道/匍园路靠近月湖小区二期\"', '\"湖南省/长沙市/开福区/月湖街道/匍园路靠近月湖小区二期\"', '张', '03912572115', '', '', '业主', '铁路', '否', NULL, '173250145625863861');
INSERT INTO `client_info` VALUES ('KHXX20230211', '红谷滩应急管理局', '自己挖掘的客户', '\"江西省/南昌市/红谷滩区/绿茵路677-745号靠近绿茵路(地铁站)\"', '\"江西省/南昌市/红谷滩区/绿茵路677-745号靠近绿茵路(地铁站)\"', '王发文', '18170877228', '', '', '业主', '机关及事业单位', '否', '1057142060790858', '1057142060790858');
INSERT INTO `client_info` VALUES ('KHXX20230216', '广州翔曦科技有限公司', '云上导粮客户', '\"广东省/广州市/黄埔区/联和街道/科研路14号靠近广州特种承压设备检测研究院\"', '\"广东省/广州市/黄埔区/联和街道/科研路14号靠近广州特种承压设备检测研究院\"', '王', '13662539995', '', '', '总包', '水运', '否', NULL, '2857491104855278');
INSERT INTO `client_info` VALUES ('KHXX20230217', '东西湖区应急管理局汪老师', '自己挖掘的客户', '\"湖北省/武汉市/江汉区/沿江大道72号靠近世纪·江尚\"', '\"湖北省/武汉市/江汉区/沿江大道72号靠近世纪·江尚\"', '汪老师', '02783236537', '', '', '业主', '机关及事业单位', '否', '31231835221066012', '31231835221066012');
INSERT INTO `client_info` VALUES ('KHXX20230218', '郴州市北湖区应急管理局', '自己挖掘的客户', '\"湖南省/郴州市/北湖区/燕泉街道/香雪路靠近乐仙阳光雅苑\"', '\"湖南省/郴州市/北湖区/燕泉街道/香雪路靠近乐仙阳光雅苑\"', '马局长', '13973500199', '', '', '业主', '机关及事业单位', '否', NULL, '173250145625863861');
INSERT INTO `client_info` VALUES ('KHXX20230219', '南宁市发改委', '自己挖掘的客户', '\"广西壮族自治区/南宁市/青秀区/津头街道/桂春路南一里靠近南宁市大数据发展局\"', '\"广西壮族自治区/南宁市/青秀区/津头街道/桂春路南一里靠近南宁市大数据发展局\"', '罗处', '微信', '信息中心主任', '', '业主', '机关及事业单位', '否', '020648342421683351', '020648342421683351');
INSERT INTO `client_info` VALUES ('KHXX20230220', '上海局芜湖段', '自己挖掘的客户', '\"安徽省/芜湖市/镜湖区/赭麓街道/集益街2#号靠近新都花园\"', '\"安徽省/芜湖市/镜湖区/赭麓街道/集益街2#号靠近新都花园\"', '胡科长', '13675531493', '', '', '业主', '铁路', '否', NULL, '164406591126330834');
INSERT INTO `client_info` VALUES ('KHXX20230221', '青山区应急管理局', '自己挖掘的客户', '\"湖北省/武汉市/江汉区/沿江大道72号靠近世纪中心\"', '\"湖北省/武汉市/江汉区/沿江大道72号靠近世纪中心\"', '座机', '027-86666953', '', '', '业主', '机关及事业单位', '否', NULL, '31231835221066012');
INSERT INTO `client_info` VALUES ('KHXX20230222', '武穴市应急管理局', '自己挖掘的客户', '\"湖北省/黄冈市/武穴市/武穴街道/武穴市应急管理局\"', '\"湖北省/黄冈市/武穴市/武穴街道/武穴市应急管理局\"', '文老师', '15377118683', '', '', '业主', '机关及事业单位', '否', NULL, '31231835221066012');
INSERT INTO `client_info` VALUES ('KHXX20230223', '洪山区应急管理局', '自己挖掘的客户', '\"湖北省/武汉市/江汉区/沿江大道72号靠近世纪中心\"', '\"湖北省/武汉市/江汉区/沿江大道72号靠近世纪中心\"', '陌拜', '027-87671766', '', '', '业主', '机关及事业单位', '否', NULL, '31231835221066012');
INSERT INTO `client_info` VALUES ('KHXX20230224', '郴州市交通局港航科', '自己挖掘的客户', '\"湖南省/长沙市/开福区/月湖街道/匍园路靠近月湖小区二期\"', '\"湖南省/长沙市/开福区/月湖街道/匍园路靠近月湖小区二期\"', '贺科长', '18975559968', '', '', '业主', '水运', '否', NULL, '173250145625863861');
INSERT INTO `client_info` VALUES ('KHXX20230225', '汉中工务段桥隧科', '自己挖掘的客户', '\"陕西省/安康市/汉滨区/江北街道/进站西路30号靠近锦绣花园\"', '\"陕西省/安康市/汉滨区/江北街道/进站西路30号靠近锦绣花园\"', '唐曦', '19894749727', '', '', '业主', '铁路', '否', NULL, '23193328781005');
INSERT INTO `client_info` VALUES ('KHXX20230226', '高速集团衡阳分公司', '自己挖掘的客户', '\"湖南省/衡阳市/蒸湘区/蒸湘街道/祝融路\"', '\"湖南省/衡阳市/蒸湘区/蒸湘街道/祝融路\"', '谢总', '189 7479 7971', '', '', '业主', '公路', '否', NULL, '173250145625863861');
INSERT INTO `client_info` VALUES ('KHXX20230227', '哈尔滨局牡丹江工务段', '自己挖掘的客户', '\"湖北省/武汉市/江汉区/沿江大道72号靠近世纪·江尚\"', '\"湖北省/武汉市/江汉区/沿江大道72号靠近世纪·江尚\"', '宗老师', '18245309077', '', '', '业主', '铁路', '否', NULL, '31231835221066012');
INSERT INTO `client_info` VALUES ('KHXX20230228', '安康工务段', '自己挖掘的客户', '\"陕西省/西安市/新城区/西一路街道/西一路174号靠近中贸国际大厦\"', '\"陕西省/西安市/新城区/西一路街道/西一路174号靠近中贸国际大厦\"', '王红民', '15809158283', '', '', '业主', '铁路', '否', NULL, '23193328781005');
INSERT INTO `client_info` VALUES ('KHXX20230229', '南宁市公安局', '自己挖掘的客户', '\"广西壮族自治区/南宁市/青秀区/建政街道/长虹路靠近南宁市公安局特警支队\"', '\"广西壮族自治区/南宁市/青秀区/建政街道/长虹路靠近南宁市公安局特警支队\"', '蔡处', '微信', '科技处', '', '业主', '机关及事业单位', '否', '020648342421683351', '020648342421683351');
INSERT INTO `client_info` VALUES ('KHXX20230230', '哈尔滨工务段王老师', '自己挖掘的客户', '\"湖北省/武汉市/江汉区/沿江大道72号靠近世纪中心\"', '\"湖北省/武汉市/江汉区/沿江大道72号靠近世纪中心\"', '王老师', '15776678820', '', '', '业主', '铁路', '否', NULL, '31231835221066012');
INSERT INTO `client_info` VALUES ('KHXX20230231', '荆州市应急管理局何老师', '自己挖掘的客户', '\"湖北省/武汉市/江汉区/沿江大道72号靠近世纪中心\"', '\"湖北省/武汉市/江汉区/沿江大道72号靠近世纪中心\"', '何老师', '0716-8815805', '', '', '业主', '机关及事业单位', '否', NULL, '31231835221066012');
INSERT INTO `client_info` VALUES ('KHXX20230232', '常宁市公路养护中心', '自己挖掘的客户', '\"湖南省/衡阳市/常宁市/曲潭街道/中银\"', '\"湖南省/衡阳市/常宁市/曲潭街道/中银\"', '满雪梅', '137 6241 6482', '', '', '业主', '公路', '否', NULL, '173250145625863861');
INSERT INTO `client_info` VALUES ('KHXX20230233', '青藏铁路局德令哈工务段限高架项目', '自己挖掘的客户', '\"青海省/海西蒙古族藏族自治州/德令哈市/河东街道/青海省海西蒙古族藏族自治州德令哈市黄河路17-1号附近\"', '\"青海省/海西蒙古族藏族自治州/德令哈市/河东街道/青海省海西蒙古族藏族自治州德令哈市黄河路17-1号附近\"', '许豪', '15509771693', '科长', '桥隧科', '业主', '铁路', '否', '112608665833483073', '112608665833483073');
INSERT INTO `client_info` VALUES ('KHXX20230234', '湖南誉为建筑工程有限公司', '自己挖掘的客户', '\"湖南省/长沙市/雨花区/黎托街道/长沙大道靠近运达汇\"', '\"湖南省/长沙市/雨花区/黎托街道/长沙大道靠近运达汇\"', '张总', '13975180158', '', '', '总包', '水运', '否', NULL, '173250145625863861');
INSERT INTO `client_info` VALUES ('KHXX20230235', '湖南省气象中心', '自己挖掘的客户', '\"湖南省/长沙市/天心区/赤岭路街道/186号\"', '\"湖南省/长沙市/天心区/赤岭路街道/186号\"', '罗教授', '13574128825', '', '', '业主', '机关及事业单位', '否', NULL, '173250145625863861');
INSERT INTO `client_info` VALUES ('KHXX20230236', '中国铁路成都局集团有限公司涪陵工务段', '自己挖掘的客户', '\"重庆/重庆市/涪陵区/白涛街道/重庆市涪陵区集锦大道22号附2号\"', '\"重庆/重庆市/涪陵区/白涛街道/重庆市涪陵区集锦大道22号附2号\"', '领导', '15023902393', '', '', '业主', '铁路', '否', NULL, '172964562221564838');
INSERT INTO `client_info` VALUES ('KHXX20230237', '中国铁路成都局集团有限公司重庆工电段', '自己挖掘的客户', '\"重庆/重庆市/渝北区/天宫殿街道/重庆市渝北区天宫殿街道昆仑大道55号\"', '\"重庆/重庆市/渝北区/天宫殿街道/重庆市渝北区天宫殿街道昆仑大道55号\"', '宋维', '15808041392', '', '', '业主', '铁路', '否', NULL, '172964562221564838');
INSERT INTO `client_info` VALUES ('KHXX20230238', '中国铁路成都局集团有限公司宜宾工电段', '自己挖掘的客户', '\"四川省/宜宾市/叙州区/柏溪街道/宜宾市叙州区樟海路22号\"', '\"四川省/宜宾市/叙州区/柏溪街道/宜宾市叙州区樟海路22号\"', '张', '18011426498', '', '', '业主', '铁路', '否', NULL, '172964562221564838');
INSERT INTO `client_info` VALUES ('KHXX20230239', '中国铁路成都局集团有限公司六盘水工电段', '自己挖掘的客户', '\"贵州省/六盘水市/钟山区/保华镇/六盘水市钟山区转运二巷20号\"', '\"贵州省/六盘水市/钟山区/保华镇/六盘水市钟山区转运二巷20号\"', '刘旭', '15117753091', '', '', '业主', '铁路', '否', NULL, '172964562221564838');
INSERT INTO `client_info` VALUES ('KHXX20230240', '中国铁路成都局集团有限公司西昌工电段', '自己挖掘的客户', '\"四川省/凉山彝族自治州/西昌市/马道街道/凉山彝族自治州西昌市马道镇马道东路27号\"', '\"四川省/凉山彝族自治州/西昌市/马道街道/凉山彝族自治州西昌市马道镇马道东路27号\"', '杨紫斌', '138 8139 2042', '', '', '业主', '铁路', '否', NULL, '172964562221564838');
INSERT INTO `client_info` VALUES ('KHXX20230241', '娄底工务段', '自己挖掘的客户', '\"湖南省/娄底市/娄星区/乐坪街道/氐星路靠近锦宏·汇金时代广场\"', '\"湖南省/娄底市/娄星区/乐坪街道/氐星路靠近锦宏·汇金时代广场\"', '冯科', '18873808651', '桥隧科科长', '', '业主', '铁路', '否', NULL, '173250145625863861');
INSERT INTO `client_info` VALUES ('KHXX20230242', '娄底联通', '自己挖掘的客户', '\"湖南省/娄底市/娄星区/乐坪街道/娄底联通\"', '\"湖南省/娄底市/娄星区/乐坪街道/娄底联通\"', '肖', '18673804139', '', '', '业主', '计算机、通信和其他电子设备制造业', '否', NULL, '173250145625863861');
INSERT INTO `client_info` VALUES ('KHXX20230243', '阎良工务段', '自己挖掘的客户', '\"陕西省/西安市/阎良区/凤凰路街道/胜利街185#号靠近阎良站\"', '\"陕西省/西安市/阎良区/凤凰路街道/胜利街185#号靠近阎良站\"', '梁科长', '18691820689', '', '', '业主', '铁路', '否', NULL, '23193328781005');
INSERT INTO `client_info` VALUES ('KHXX20230244', '郑州铁路装备公司', '挂网项目客户', '\"河南省/郑州市/管城回族区/二里岗街道/货站街302号靠近口岸大厦(货站街)\"', '\"河南省/郑州市/管城回族区/二里岗街道/货站街302号靠近口岸大厦(货站街)\"', '陌拜', '陌拜', '', '', '总包', '铁路', '否', NULL, '31231835221066012');
INSERT INTO `client_info` VALUES ('KHXX20230245', '郑州铁路局郑州车务段', '自己挖掘的客户', '\"河南省/郑州市/管城回族区/二里岗街道/货站街128号靠近郑州铁路局郑州车务段\"', '\"河南省/郑州市/管城回族区/二里岗街道/货站街128号靠近郑州铁路局郑州车务段\"', '陌拜', '陌拜', '', '', '业主', '铁路', '否', NULL, '31231835221066012');
INSERT INTO `client_info` VALUES ('KHXX20230246', '萍乡广电有限公司', '自己挖掘的客户', '\"江西省/萍乡市/安源区/凤凰街道/滨河西路259号靠近萍乡广电传媒大厦\"', '\"江西省/萍乡市/安源区/凤凰街道/滨河西路259号靠近萍乡广电传媒大厦\"', '陈智', '19207994377', '', '', '战略生态伙伴', '软件和信息技术服务业', '否', '1057142060790858', '1057142060790858');
INSERT INTO `client_info` VALUES ('KHXX20230247', '萍乡工务段', '自己挖掘的客户', '\"江西省/萍乡市/安源区/凤凰街道/滨河西路116号靠近萍乡广电传媒大厦\"', '\"江西省/萍乡市/安源区/凤凰街道/滨河西路116号靠近萍乡广电传媒大厦\"', '汤主任', '18807450304', '', '', '业主', '铁路', '否', '1057142060790858', '1057142060790858');
INSERT INTO `client_info` VALUES ('KHXX20230248', '河南省交通运输厅', '自己挖掘的客户', '\"河南省/郑州市/金水区/祭城路街道/金水东路辅路101号靠近农业南路(地铁站)\"', '\"河南省/郑州市/金水区/祭城路街道/金水东路辅路101号靠近农业南路(地铁站)\"', '陌拜', '陌拜', '', '', '业主', '公路', '否', NULL, '31231835221066012');
INSERT INTO `client_info` VALUES ('KHXX20230249', '西安铁路局', '自己挖掘的客户', '\"陕西省/西安市/碑林区/太乙路街道/友谊东路5栋靠近尚书房\"', '\"陕西省/西安市/碑林区/太乙路街道/友谊东路5栋靠近尚书房\"', '史科长', '15191825946', '', '', '业主', '铁路', '否', NULL, '23193328781005');
INSERT INTO `client_info` VALUES ('KHXX20230250', '兰州西工务段', '自己挖掘的客户', '\"甘肃省/兰州市/七里河区/西站街道/三角线路96号靠近兰西乘务公寓\"', '\"甘肃省/兰州市/七里河区/西站街道/三角线路96号靠近兰西乘务公寓\"', '齐段长', '13919833853', '', '', '业主', '铁路', '否', NULL, '23193328781005');
INSERT INTO `client_info` VALUES ('KHXX20230251', '安徽省公路管理服务中心', '自己挖掘的客户', '\"安徽省/合肥市/蜀山区/三里庵街道/南一环路辅路77号靠近安徽医科大学附属口腔医院\"', '\"安徽省/合肥市/蜀山区/三里庵街道/南一环路辅路77号靠近安徽医科大学附属口腔医院\"', '马科长', '13955606081', '养护科长', '养护科', '业主', '公路', '否', NULL, '164406591126330834');
INSERT INTO `client_info` VALUES ('KHXX20230252', '济南红海安防工程有限公司', '自己挖掘的客户', '\"山东省/济南市/市中区/白马山街道/二环南路10001号\"', '\"山东省/济南市/市中区/白马山街道/二环南路10001号\"', '朱总', '13370572255', '老板', '', '行业生态伙伴', '铁路', '否', NULL, '170101416838787665');
INSERT INTO `client_info` VALUES ('KHXX20230253', '郑州市铁路局', '挂网项目客户', '\"河南省/郑州市/管城回族区/航海东路街道/二里岗东街44号靠近正商·佳仕阁\"', '\"河南省/郑州市/管城回族区/航海东路街道/二里岗东街44号靠近正商·佳仕阁\"', '张科长', '18637336750', '', '', '业主', '铁路', '否', NULL, '31231835221066012');
INSERT INTO `client_info` VALUES ('KHXX20230254', '郑州局装备公司瑞华分公司', '挂网项目客户', '\"河南省/郑州市/二七区/一马路街道/陇海东路辅路157号靠近世贸大户中心\"', '\"河南省/郑州市/二七区/一马路街道/陇海东路辅路157号靠近世贸大户中心\"', '跟斌哥一起拜访', '1', '', '', '行业生态伙伴', '铁路', '否', NULL, '31231835221066012');
INSERT INTO `client_info` VALUES ('KHXX20230255', '西宁工务段', '自己挖掘的客户', '\"青海省/西宁市/城东区/火车站街道/中庄路一巷8号靠近工务小区\"', '\"青海省/西宁市/城东区/火车站街道/中庄路一巷8号靠近工务小区\"', '李科长', '18697291078', '', '', '业主', '铁路', '否', NULL, '23193328781005');
INSERT INTO `client_info` VALUES ('KHXX20230256', '德令哈工务段', '自己挖掘的客户', '\"青海省/海西蒙古族藏族自治州/德令哈市/火车站街道/茫崖路7号靠近铁恒小区\"', '\"青海省/海西蒙古族藏族自治州/德令哈市/火车站街道/茫崖路7号靠近铁恒小区\"', '周科长', '15509771693', '', '', '业主', '铁路', '否', NULL, '23193328781005');
INSERT INTO `client_info` VALUES ('KHXX20230257', '济南奥克拓普智能科技有限公司', '自己挖掘的客户', '\"山东省/济南市/历下区/舜华路街道/黄金99生活广场\"', '\"山东省/济南市/历下区/舜华路街道/黄金99生活广场\"', '张总', '15650017808', '老板', '', '行业生态伙伴', '铁路', '否', NULL, '170101416838787665');
INSERT INTO `client_info` VALUES ('KHXX20230258', '济南未来电子科技有限公司', '自己挖掘的客户', '\"山东省/济南市/槐荫区/中大槐树街道/张庄路28号靠近广友购物广场\"', '\"山东省/济南市/槐荫区/中大槐树街道/张庄路28号靠近广友购物广场\"', '杨总', '13395413293', '老板', '', '行业生态伙伴', '零售业', '否', NULL, '170101416838787665');
INSERT INTO `client_info` VALUES ('KHXX20230259', '南保中心港珠澳航标处', '云上导粮客户', '\"广东省/珠海市/香洲区/唐家湾镇/唐淇路1699号靠近港珠澳大桥航标处\"', '\"广东省/珠海市/香洲区/唐家湾镇/唐淇路1699号靠近港珠澳大桥航标处\"', '蔡工', '15768943209', '', '', '业主', '水运', '否', NULL, '2857491104855278');
INSERT INTO `client_info` VALUES ('KHXX20230260', '蚌埠工务段', '自己挖掘的客户', '\"安徽省/蚌埠市/蚌山区/胜利街道/兴业街112号靠近蓝天花园\"', '\"安徽省/蚌埠市/蚌山区/胜利街道/兴业街112号靠近蓝天花园\"', '胡宗华', '15855752592', '科长', '', '业主', '铁路', '否', NULL, '164406591126330834');
INSERT INTO `client_info` VALUES ('KHXX20230261', '睢宁县应急管理局', '自己挖掘的客户', '\"江苏省/徐州市/睢宁县/睢城街道/人民路12号靠近城西派出所\"', '\"江苏省/徐州市/睢宁县/睢城街道/人民路12号靠近城西派出所\"', '朱丹', '14752152280', '', '', '业主', '机关及事业单位', '否', NULL, '164406591126330834');
INSERT INTO `client_info` VALUES ('KHXX20230262', '中国铁路成都局集团有限公司贵阳高铁工务段', '自己挖掘的客户', '\"贵州省/贵阳市/云岩区/头桥街道/枣山路354号靠近贵州铁道大厦17楼\"', '\"贵州省/贵阳市/云岩区/头桥街道/枣山路354号靠近贵州铁道大厦17楼\"', '乔欢', '18286045870', '', '', '业主', '铁路', '否', NULL, '172964562221564838');
INSERT INTO `client_info` VALUES ('KHXX20230263', '宜春车务段', '自己挖掘的客户', '\"江西省/宜春市/袁州区/灵泉街道/平安路535-593号靠近宜春西站\"', '\"江西省/宜春市/袁州区/灵泉街道/平安路535-593号靠近宜春西站\"', '聂军', '13707908370', '', '', '业主', '铁路', '否', '1057142060790858', '1057142060790858');
INSERT INTO `client_info` VALUES ('KHXX20230264', '怀化工务段', '自己挖掘的客户', '\"湖南省/怀化市/鹤城区/城北街道/铁北中路靠近三幼小区\"', '\"湖南省/怀化市/鹤城区/城北街道/铁北中路靠近三幼小区\"', '王超', '15707409010', '', '', '业主', '铁路', '否', NULL, '173250145625863861');
INSERT INTO `client_info` VALUES ('KHXX20230265', '南宁工务段', '自己挖掘的客户', '\"广西壮族自治区/南宁市/西乡塘区/安吉街道/南宁铁路局南宁工务段\"', '\"广西壮族自治区/南宁市/西乡塘区/安吉街道/南宁铁路局南宁工务段\"', '游科', '187 7717 5325', '桥隧科科长', '', '业主', '铁路', '否', '020648342421683351', '020648342421683351');
INSERT INTO `client_info` VALUES ('KHXX20230266', '广西交科院', '自己挖掘的客户', '\"广西壮族自治区/南宁市/西乡塘区/高新技术开发区/广西交科集团\"', '\"广西壮族自治区/南宁市/西乡塘区/高新技术开发区/广西交科集团\"', '桥梁院长', '微信', '博士', '', '行业生态伙伴', '研究和试验发展', '否', '1451552933127366', '020648342421683351');
INSERT INTO `client_info` VALUES ('KHXX20230267', '新鸿都科技有限公司', '自己挖掘的客户', '\"广西壮族自治区/南宁市/良庆区/良庆镇/海尔青脾联合广场\"', '\"广西壮族自治区/南宁市/良庆区/良庆镇/海尔青脾联合广场\"', '曾总', '副总经理', '', '', '战略生态伙伴', '计算机、通信和其他电子设备制造业', '否', '020648342421683351', '020648342421683351');
INSERT INTO `client_info` VALUES ('KHXX20230268', '广深沿江高速公路有限公司', '自己挖掘的客户', '\"广东省/东莞市/麻涌镇/水乡大道辅路345号靠近部涌桥\"', '\"广东省/东莞市/麻涌镇/水乡大道辅路345号靠近部涌桥\"', '卢', '13927334318', '', '', '业主', '水运', '否', NULL, '2857491104855278');
INSERT INTO `client_info` VALUES ('KHXX20230269', '永州工务段', '自己挖掘的客户', '\"湖南省/永州市/冷水滩区/梧桐街道/梧桐路靠近裕悦铭座\"', '\"湖南省/永州市/冷水滩区/梧桐街道/梧桐路靠近裕悦铭座\"', '黎科长', '18674717611', '', '', '业主', '铁路', '否', NULL, '173250145625863861');
INSERT INTO `client_info` VALUES ('KHXX20230270', '中国铁路成都局集团有限公司贵阳工务段', '自己挖掘的客户', '\"贵州省/贵阳市/南明区/二戈街道/贵州省贵阳市南明区富源南路96号[二戈寨社区]\"', '\"贵州省/贵阳市/南明区/二戈街道/贵州省贵阳市南明区富源南路96号[二戈寨社区]\"', '吕涛', '18685799991', '', '', '业主', '铁路', '否', NULL, '172964562221564838');
INSERT INTO `client_info` VALUES ('KHXX20230271', '中国铁路成都局集团有限公司凯里工务段', '自己挖掘的客户', '\"贵州省/黔东南苗族侗族自治州/凯里市/白果井街道/贵州省黔东南苗族侗族自治州凯里市清江路229号\"', '\"贵州省/黔东南苗族侗族自治州/凯里市/白果井街道/贵州省黔东南苗族侗族自治州凯里市清江路229号\"', '唐丰年', '15186845959', '', '', '业主', '铁路', '否', NULL, '172964562221564838');
INSERT INTO `client_info` VALUES ('KHXX20230272', '重庆市合川区城市管理局', '自己挖掘的客户', '\"重庆/重庆市/合川区/草街街道/重庆市合川区南屏路129号\"', '\"重庆/重庆市/合川区/草街街道/重庆市合川区南屏路129号\"', '赵桦', '18883121024', '', '', '业主', '公路', '否', NULL, '172964562221564838');
INSERT INTO `client_info` VALUES ('KHXX20230273', '重庆市合川区公路事务中心', '自己挖掘的客户', '\"重庆/重庆市/合川区/大石街道/重庆市合川区公园路18号\"', '\"重庆/重庆市/合川区/大石街道/重庆市合川区公园路18号\"', '代先生', '13032347312', '', '', '业主', '公路', '否', NULL, '172964562221564838');
INSERT INTO `client_info` VALUES ('KHXX20230274', '重庆市合川区交通局', '自己挖掘的客户', '\"重庆/重庆市/合川区/大石街道/重庆市合川区瑞山路80号\"', '\"重庆/重庆市/合川区/大石街道/重庆市合川区瑞山路80号\"', '陈', '17782283211', '', '', '业主', '公路', '否', NULL, '172964562221564838');
INSERT INTO `client_info` VALUES ('KHXX20230275', '重庆市渝北区公路事务中心', '自己挖掘的客户', '\"重庆/重庆市/渝北区/宝圣湖街道/重庆市渝北区五星路215号\"', '\"重庆/重庆市/渝北区/宝圣湖街道/重庆市渝北区五星路215号\"', '宋', '15922696071', '', '', '业主', '公路', '否', NULL, '172964562221564838');
INSERT INTO `client_info` VALUES ('KHXX20230276', '重庆市北碚区公路事务中心', '自己挖掘的客户', '\"重庆/重庆市/北碚区/北温泉街道/重庆市北碚区鱼塘湾319号\"', '\"重庆/重庆市/北碚区/北温泉街道/重庆市北碚区鱼塘湾319号\"', '陆筵', '19115157865', '', '', '业主', '公路', '否', NULL, '172964562221564838');
INSERT INTO `client_info` VALUES ('KHXX20230277', '重庆高速公路集团有限公司东北营运分公司', '自己挖掘的客户', '\"重庆/重庆市/渝北区/大竹林街道/重庆市渝北区银杉路66号高速集团大楼\"', '\"重庆/重庆市/渝北区/大竹林街道/重庆市渝北区银杉路66号高速集团大楼\"', '杨先生', '15320716077', '', '', '业主', '公路', '否', NULL, '172964562221564838');
INSERT INTO `client_info` VALUES ('KHXX20230278', '重庆高速公路股份有限公司', '自己挖掘的客户', '\"重庆/重庆市/渝北区/宝圣湖街道/重庆市渝北区银杉路66号\"', '\"重庆/重庆市/渝北区/宝圣湖街道/重庆市渝北区银杉路66号\"', '李', '18523120006', '', '', '业主', '公路', '否', NULL, '172964562221564838');
INSERT INTO `client_info` VALUES ('KHXX20230279', '重庆高速公路集团有限公司东南营运分公司', '自己挖掘的客户', '\"重庆/重庆市/渝北区/宝圣湖街道/重庆市渝北区银杉路66号\"', '\"重庆/重庆市/渝北区/宝圣湖街道/重庆市渝北区银杉路66号\"', '沈老师', '18623353924', '', '', '业主', '公路', '否', NULL, '172964562221564838');
INSERT INTO `client_info` VALUES ('KHXX20230280', '重庆市市政设施运行保障中心', '自己挖掘的客户', '\"重庆/重庆市/渝中区/菜园坝街道/重庆市渝中区人和街104号\"', '\"重庆/重庆市/渝中区/菜园坝街道/重庆市渝中区人和街104号\"', '李阳', '18580886573', '', '', '业主', '公路', '否', NULL, '172964562221564838');
INSERT INTO `client_info` VALUES ('KHXX20230281', '重庆市城投路桥管理有限公司', '自己挖掘的客户', '\"重庆/重庆市/渝中区/朝天门街道/重庆市渝中区人民路123号附1号八楼\"', '\"重庆/重庆市/渝中区/朝天门街道/重庆市渝中区人民路123号附1号八楼\"', '黄建华', '18581166669', '', '', '业主', '公路', '否', NULL, '172964562221564838');
INSERT INTO `client_info` VALUES ('KHXX20230282', '昆明耐维科技有限公司', '自己挖掘的客户', '\"云南省/昆明市/盘龙区/阿子营街道/云南省昆明市盘龙区二环东路下河埂禧瑞都永安国际A座2417室\"', '\"云南省/昆明市/盘龙区/阿子营街道/云南省昆明市盘龙区二环东路下河埂禧瑞都永安国际A座2417室\"', '杨总', '13099988260', '', '', '行业生态伙伴', '铁路', '否', NULL, '172964562221564838');
INSERT INTO `client_info` VALUES ('KHXX20230283', '山东宝蓝信息科技有限公司', '自己挖掘的客户', '\"山东省/济南市/槐荫区/兴福街道/齐鲁大道绿地中央广场B座(济南西客站)\"', '\"山东省/济南市/槐荫区/兴福街道/齐鲁大道绿地中央广场B座(济南西客站)\"', '武总', '18905319078', '', '', '行业生态伙伴', '铁路', '否', NULL, '170101416838787665');
INSERT INTO `client_info` VALUES ('KHXX20230284', '自治区港航发展中心', '自己挖掘的客户', '\"广西壮族自治区/南宁市/青秀区/南湖街道/凤岭山语城\"', '\"广西壮族自治区/南宁市/青秀区/南湖街道/凤岭山语城\"', '胡处', '微信', '规划处', '', '业主', '水运', '否', '020648342421683351', '020648342421683351');
INSERT INTO `client_info` VALUES ('KHXX20230285', '中铁四局昌景黄铁路项目部', '自己挖掘的客户', '\"安徽省/黄山市/休宁县/海阳镇/海阳镇齐云山东大道18号休宁农商银行大厦\"', '\"安徽省/黄山市/休宁县/海阳镇/海阳镇齐云山东大道18号休宁农商银行大厦\"', '汪涵元', '15205699976', '部长', '商务部', '总包', '铁路', '否', NULL, '164406591126330834');
INSERT INTO `client_info` VALUES ('KHXX20230286', '长沙市城管桥隧事物中心', '自己挖掘的客户', '\"湖南省/长沙市/岳麓区/银盆岭街道/金星北路辅路长沙市政务服务中心\"', '\"湖南省/长沙市/岳麓区/银盆岭街道/金星北路辅路长沙市政务服务中心\"', '范主任', '13687359115', '', '', '业主', '水运', '否', NULL, '173250145625863861');
INSERT INTO `client_info` VALUES ('KHXX20230287', '广西省铁塔', '自己挖掘的客户', '\"广西壮族自治区/南宁市/青秀区/南湖街道/枫林路新天地别墅区\"', '\"广西壮族自治区/南宁市/青秀区/南湖街道/枫林路新天地别墅区\"', '易经理', '13377205254', '', '技术', '战略生态伙伴', '计算机、通信和其他电子设备制造业', '否', '020648342421683351', '020648342421683351');
INSERT INTO `client_info` VALUES ('KHXX20230288', '郑州局高铁基础设施段', '挂网项目客户', '\"河南省/郑州市/二七区/福华街街道/市建三公司家属院瑞天酒店(郑州火车站西广场店)\"', '\"河南省/郑州市/二七区/福华街街道/市建三公司家属院瑞天酒店(郑州火车站西广场店)\"', '张祖栋', '15083111635', '', '', '业主', '铁路', '否', NULL, '31231835221066012');
INSERT INTO `client_info` VALUES ('KHXX20230289', '延安工务段', '自己挖掘的客户', '\"陕西省/延安市/宝塔区/李渠镇/李渠镇杨沟渠\"', '\"陕西省/延安市/宝塔区/李渠镇/李渠镇杨沟渠\"', '梁满福', '18794212424', '', '', '业主', '铁路', '否', NULL, '23193328781005');
INSERT INTO `client_info` VALUES ('KHXX20230290', '湘阴县交通运输局', '自己挖掘的客户', '\"湖南省/岳阳市/湘阴县/文星街道/江东中路银联公寓\"', '\"湖南省/岳阳市/湘阴县/文星街道/江东中路银联公寓\"', '刘科长', '07302264314', '', '', '业主', '水运', '否', NULL, '173250145625863861');
INSERT INTO `client_info` VALUES ('KHXX20230291', '湘阴县疾控中心', '自己挖掘的客户', '\"湖南省/岳阳市/湘阴县/文星街道/先锋路138号湘阴疾控\"', '\"湖南省/岳阳市/湘阴县/文星街道/先锋路138号湘阴疾控\"', '吴主任', '17374582943', '', '', '业主', '机关及事业单位', '否', NULL, '173250145625863861');
INSERT INTO `client_info` VALUES ('KHXX20230292', '郑州东高铁基础设施段', '挂网项目客户', '\"河南省/郑州市/二七区/福华街街道/市建三公司家属院瑞天酒店(郑州火车站西广场店)\"', '\"河南省/郑州市/二七区/福华街街道/市建三公司家属院瑞天酒店(郑州火车站西广场店)\"', '刘娇娇', '13223074099', '', '', '业主', '铁路', '否', NULL, '31231835221066012');
INSERT INTO `client_info` VALUES ('KHXX20230293', '宝鸡工务段', '自己挖掘的客户', '\"陕西省/宝鸡市/金台区/中山东路街道/曙光路80号中山花园小区(中山路)\"', '\"陕西省/宝鸡市/金台区/中山东路街道/曙光路80号中山花园小区(中山路)\"', '赵科长', '17719626582', '', '', '业主', '铁路', '否', NULL, '23193328781005');
INSERT INTO `client_info` VALUES ('KHXX20240001', '武冈市水运事物中心', '自己挖掘的客户', '\"湖南省/邵阳市/武冈市/迎春亭街道/武冈大道\"', '\"湖南省/邵阳市/武冈市/迎春亭街道/武冈大道\"', '陈艳蓉', '13789163712', '', '', '业主', '水运', '否', NULL, '173250145625863861');
INSERT INTO `client_info` VALUES ('KHXX20240002', '宁波工务段', '自己挖掘的客户', '\"浙江省/宁波市/海曙区/南门街道/沿海铁路浙江公司\"', '\"浙江省/宁波市/海曙区/南门街道/沿海铁路浙江公司\"', '耿工', '13646618962', '', '', '业主', '铁路', '否', '1057142060790858', '1057142060790858');
INSERT INTO `client_info` VALUES ('KHXX20240003', '上海局宁波工务段', '自己挖掘的客户', '\"浙江省/宁波市/海曙区/南门街道/苍松路沿海铁路浙江公司\"', '\"浙江省/宁波市/海曙区/南门街道/苍松路沿海铁路浙江公司\"', '耿总', '13646618962', '', '', '业主', '铁路', '否', NULL, '164406591126330834');
INSERT INTO `client_info` VALUES ('KHXX20240004', '武冈市应急局', '自己挖掘的客户', '\"湖南省/邵阳市/武冈市/迎春亭街道/迎春路武岗石化新东加油站\"', '\"湖南省/邵阳市/武冈市/迎春亭街道/迎春路武岗石化新东加油站\"', '刘局长', '07394250421', '', '', '业主', '机关及事业单位', '否', NULL, '173250145625863861');
INSERT INTO `client_info` VALUES ('KHXX20240005', '湘阴水运中心', '自己挖掘的客户', '\"湖南省/岳阳市/湘阴县/文星街道/滨江路79号岳州窑古遗址\"', '\"湖南省/岳阳市/湘阴县/文星街道/滨江路79号岳州窑古遗址\"', '刘', '15204751418', '', '', '业主', '水运', '否', NULL, '173250145625863861');
INSERT INTO `client_info` VALUES ('KHXX20240006', '银川工务段', '自己挖掘的客户', '\"宁夏回族自治区/银川市/西夏区/兴州北街340号惠民小区西区\"', '\"宁夏回族自治区/银川市/西夏区/兴州北街340号惠民小区西区\"', '马科长', '0951 392 2275', '', '', '业主', '铁路', '否', NULL, '23193328781005');
INSERT INTO `client_info` VALUES ('KHXX20240007', '宁乡市交通运输局', '自己挖掘的客户', '\"湖南省/长沙市/宁乡市/宁乡市科学技术局\"', '\"湖南省/长沙市/宁乡市/宁乡市科学技术局\"', '杨科长', '073187822667', '', '', '业主', '公路', '否', NULL, '173250145625863861');
INSERT INTO `client_info` VALUES ('KHXX20240008', '中卫工务段', '自己挖掘的客户', '\"宁夏回族自治区/中卫市/沙坡头区/滨河镇/滨河镇鼓楼北街150号长城小区\"', '\"宁夏回族自治区/中卫市/沙坡头区/滨河镇/滨河镇鼓楼北街150号长城小区\"', '丁家贤', '18295358915', '', '', '业主', '铁路', '否', NULL, '23193328781005');
INSERT INTO `client_info` VALUES ('KHXX20240009', '麻城市中国电信', '自己挖掘的客户', '\"湖北省/黄冈市/麻城市/铁路生活区/铁路生活区金桥大道197号\"', '\"湖北省/黄冈市/麻城市/铁路生活区/铁路生活区金桥大道197号\"', '林', '无', '', '', '总包', '软件和信息技术服务业', '否', NULL, '31231835221066012');
INSERT INTO `client_info` VALUES ('KHXX20240010', '郫都区卫健局', '自己挖掘的客户', '\"四川省/成都市/郫都区/郫都区房产服务中心成都市郫都区机关第二办公区\"', '\"四川省/成都市/郫都区/郫都区房产服务中心成都市郫都区机关第二办公区\"', '朱大鹏', '02887866628', '', '', '业主', '机关及事业单位', '否', NULL, '172964562221564838');
INSERT INTO `client_info` VALUES ('KHXX20240011', '三鼎电气公司', '挂网项目客户', '\"山东省/济南市/历下区/舜华路街道/伯乐路286号三鼎电气\"', '\"山东省/济南市/历下区/舜华路街道/伯乐路286号三鼎电气\"', '郭总', '目前只有微信', '书记', '', '业主', '铁路', '否', NULL, '170101416838787665');
INSERT INTO `client_info` VALUES ('KHXX20240012', '浠水县应急管理局', '自己挖掘的客户', '\"湖北省/黄冈市/浠水县/清泉镇/清泉镇戏台巷浠水县应急管理局\"', '\"湖北省/黄冈市/浠水县/清泉镇/清泉镇戏台巷浠水县应急管理局\"', '李老师', '。', '', '', '业主', '机关及事业单位', '否', NULL, '31231835221066012');

-- ----------------------------
-- Table structure for dept
-- ----------------------------
DROP TABLE IF EXISTS `dept`;
CREATE TABLE `dept`  (
  `id` int(11) NOT NULL,
  `dept_name` varchar(255) CHARACTER SET utf8mb4 COLLATE utf8mb4_general_ci NULL DEFAULT NULL COMMENT '部门名称',
  `parent_id` int(11) NULL DEFAULT NULL COMMENT '父级部门id',
  PRIMARY KEY (`id`) USING BTREE
) ENGINE = InnoDB CHARACTER SET = utf8mb4 COLLATE = utf8mb4_general_ci COMMENT = '部门表' ROW_FORMAT = Dynamic;

-- ----------------------------
-- Records of dept
-- ----------------------------
INSERT INTO `dept` VALUES (107770077, '人力资源部', 1);
INSERT INTO `dept` VALUES (107770081, '财务部', 1);
INSERT INTO `dept` VALUES (107770190, '解决方案部', 1);
INSERT INTO `dept` VALUES (107770310, '商务部', 1);
INSERT INTO `dept` VALUES (109849729, '忘平经理主管班子', 1);
INSERT INTO `dept` VALUES (545142099, '行业交付中心', 1);
INSERT INTO `dept` VALUES (661205427, '属地化', 662228237);
INSERT INTO `dept` VALUES (661260524, '智能算法部', 661628274);
INSERT INTO `dept` VALUES (661261433, '边缘计算平台', 661628274);
INSERT INTO `dept` VALUES (661262569, '产品部', 661628274);
INSERT INTO `dept` VALUES (661628274, '智能研发中心', 1);
INSERT INTO `dept` VALUES (662134279, '技术服务部', 545142099);
INSERT INTO `dept` VALUES (662228237, '区域发展部', 1);
INSERT INTO `dept` VALUES (782935785, '大数据应用开发部', 545142099);
INSERT INTO `dept` VALUES (903272665, '生态战略部', 1);
INSERT INTO `dept` VALUES (905992062, '生态渠道部', 1);

-- ----------------------------
-- Table structure for employee
-- ----------------------------
DROP TABLE IF EXISTS `employee`;
CREATE TABLE `employee`  (
  `id` varchar(255) CHARACTER SET utf8mb4 COLLATE utf8mb4_general_ci NOT NULL,
  `user_name` varchar(255) CHARACTER SET utf8mb4 COLLATE utf8mb4_general_ci NULL DEFAULT NULL COMMENT '员工姓名',
  `position` varchar(255) CHARACTER SET utf8mb4 COLLATE utf8mb4_general_ci NULL DEFAULT NULL COMMENT '职位',
  `phone` varchar(255) CHARACTER SET utf8mb4 COLLATE utf8mb4_general_ci NULL DEFAULT NULL COMMENT '电话号码',
  `dept_id` int(11) NULL DEFAULT NULL COMMENT '部门id',
  PRIMARY KEY (`id`) USING BTREE
) ENGINE = InnoDB CHARACTER SET = utf8mb4 COLLATE = utf8mb4_general_ci COMMENT = '员工表' ROW_FORMAT = Dynamic;

-- ----------------------------
-- Records of employee
-- ----------------------------
INSERT INTO `employee` VALUES ('01013761031245634', '马亮', '边缘计算平台架构师', '18073119552', 661262569);
INSERT INTO `employee` VALUES ('01063240592524230080', '徐培嘉', 'UI', '15302932380', 661262569);
INSERT INTO `employee` VALUES ('010900326755674365', '刘奕', '售前工程师', '15972320117', 107770190);
INSERT INTO `employee` VALUES ('01163846620026342996', '杨滨嫔', '生态渠道经理', '13221055363', 905992062);
INSERT INTO `employee` VALUES ('01200421354324402541', '廖荣瀚', '网络工程师，铁路行业组长', '13078158914', 662134279);
INSERT INTO `employee` VALUES ('01261318410225205194', '戴肖扬', '中级Java开发工程师', '13413437604', 661261433);
INSERT INTO `employee` VALUES ('012652135936945197', '王湘', '测试工程师', '13874795677', 661262569);
INSERT INTO `employee` VALUES ('0136624645675059', '凌政', '行业交付中心经理', '18620790245', 545142099);
INSERT INTO `employee` VALUES ('01393504110320937363', '凌成诗', '生态渠道专员', '19522574471', 905992062);
INSERT INTO `employee` VALUES ('01430919461171976', '邓义军', '总经理', '13922430305', 109849729);
INSERT INTO `employee` VALUES ('01536521511026308761', '李江蕊', '后端开发工程师', '17671268013', 782935785);
INSERT INTO `employee` VALUES ('01552213114526298946', '李毅熙', '生态战略合作经理', '13828499453', 903272665);
INSERT INTO `employee` VALUES ('016366165552694226', '周强', '网络工程师', '18259248335', 662134279);
INSERT INTO `employee` VALUES ('016448265028058301', '潘健洪', '部门主管', '18922642498', 661261433);
INSERT INTO `employee` VALUES ('016712576120691043', '周勋', '生态战略合作经理', '18327033256', 903272665);
INSERT INTO `employee` VALUES ('02194651202429260878', '王文琪', '算法工程师', '13620186005', 661260524);
INSERT INTO `employee` VALUES ('0223043233301062376', '艾梦', '后端开发工程师', '13531407656', 782935785);
INSERT INTO `employee` VALUES ('02236249354423518348', '尹昌伟', '生态战略合作经理', '15996467640', 903272665);
INSERT INTO `employee` VALUES ('025434426233358130', '蒋宏崖', '区域销售经理', '13755766499', 661205427);
INSERT INTO `employee` VALUES ('034532164621209898', '冯觉凤', '项目管理组组长', '13022092811', 107770310);
INSERT INTO `employee` VALUES ('035800074337649244', '陈凯欣', '售前工程师', '13632422977', 107770190);
INSERT INTO `employee` VALUES ('054651444735135202', '谭亚敏', '产品经理', '13724072596', 661262569);
INSERT INTO `employee` VALUES ('055253272120576240', '余艳仪', '商务专员', '15017517924', 107770310);
INSERT INTO `employee` VALUES ('060638565426741348', '梁红梅', '商务主管', '13580582061', 107770310);
INSERT INTO `employee` VALUES ('1057142060790858', '张豪', '区域销售经理', '15179901733', 661205427);
INSERT INTO `employee` VALUES ('106654421927820178', '池贤铖', '算法工程师', '18373335508', 661260524);
INSERT INTO `employee` VALUES ('112608665833483073', '蒙榕川', '生态战略合作经理', '18229948479', 903272665);
INSERT INTO `employee` VALUES ('113403613226181598', '李帅兵', '售前工程师', '13140139635', 107770190);
INSERT INTO `employee` VALUES ('136051604936218115', '邓丽珍', '人力资源部主管', '15521604161', 107770077);
INSERT INTO `employee` VALUES ('142664415526704425', '林雅婷', 'HRBP', '13760868879', 107770077);
INSERT INTO `employee` VALUES ('1436293828698257', '吴畅', '中级网络工程师，桥梁、水运行业组长', '15813594665', 662134279);
INSERT INTO `employee` VALUES ('1451552933127366', '芦硕硕', '解决方案部经理', '13829720767', 107770190);
INSERT INTO `employee` VALUES ('145532082826269611', '李梓成', '自然语言算法工程师', '13510592064', 661260524);
INSERT INTO `employee` VALUES ('1508261053868244', '梁韵', '人事行政专员', '13416592782', 107770077);
INSERT INTO `employee` VALUES ('164406591126330834', '杨永红', '区域销售经理', '13866086991', 661205427);
INSERT INTO `employee` VALUES ('170101416838787665', '马志远', '区域销售经理', '15153119310', 661205427);
INSERT INTO `employee` VALUES ('172964562221564838', '周成华', '区域销售经理', '18482135735', 661205427);
INSERT INTO `employee` VALUES ('173250145625863861', '方旭玉', '区域销售经理', '17674733955', 661205427);
INSERT INTO `employee` VALUES ('1901030035-1456805645', '徐斌(JT)', '区域销售总监', '18607117899', 661205427);
INSERT INTO `employee` VALUES ('215617660422079830', '唐超甫', '初级Web前端开发工程师', '15296005396', 661261433);
INSERT INTO `employee` VALUES ('215809624424075001', '张兆江', 'Java高级开发工程师', '18316976683', 661262569);
INSERT INTO `employee` VALUES ('23193328781005', '张旭', '区域销售经理', '18292024396', 661205427);
INSERT INTO `employee` VALUES ('232215105726575480', '梁梓豪', '嵌入式软件工程师', '15217450045', 661262569);
INSERT INTO `employee` VALUES ('255353314526082444', '李佳金', '商务专员（跟单方向）', '13250361479', 107770310);
INSERT INTO `employee` VALUES ('255457013833161636', '莫小雨', '区域销售经理', '13557719358', 661205427);
INSERT INTO `employee` VALUES ('261420543920956530', '刘小玉', '供应链管理组组长', '15986361802', 107770310);
INSERT INTO `employee` VALUES ('263203385121345017', '华晓霞', '会计', '13560346060', 107770081);
INSERT INTO `employee` VALUES ('263205665637432826', '钟楚茵', '出纳', '13631390613', 107770081);
INSERT INTO `employee` VALUES ('263215586538032757', '陈茂可', '交付工程师', '13435674765', 662134279);
INSERT INTO `employee` VALUES ('28302240061171702', '邱宇', '前端开发工程师', '17607117684', 661261433);
INSERT INTO `employee` VALUES ('2857491104855278', '梁敏', '水运兼公路行业经理', '15307722368', 661205427);
INSERT INTO `employee` VALUES ('295715026129276202', '王晓青', '生态战略部总监', '18922166996', 903272665);
INSERT INTO `employee` VALUES ('300868120526252009', '林师刚', 'C++开发工程师', '13136028478', 661261433);
INSERT INTO `employee` VALUES ('303345240621516261', '向智华', '交付工程师', '18397390296', 662134279);
INSERT INTO `employee` VALUES ('304442144635480104', '赵刘洋', 'C++工程师', '13691659595', 661261433);
INSERT INTO `employee` VALUES ('31231835221066012', '苏洋', '区域销售经理', '17683823405', 661205427);
INSERT INTO `employee` VALUES ('3220151419761138', '孙赫', '大数据应用开发主管兼应急行业组长', '16631817526', 782935785);
INSERT INTO `employee` VALUES ('471220603337976821', '陈策权', '前端开发工程师', '18218486767', 782935785);
INSERT INTO `employee` VALUES ('52592754241037088', '罗林', '生态战略合作经理', '18620082005', 903272665);
INSERT INTO `employee` VALUES ('6216302403944823', '王波', '产品结构开发工程师', '15388051396', 661262569);

-- ----------------------------
-- Table structure for fangan
-- ----------------------------
DROP TABLE IF EXISTS `fangan`;
CREATE TABLE `fangan`  (
  `id` int(11) NOT NULL AUTO_INCREMENT COMMENT '主键',
  `base_id` int(11) NULL DEFAULT NULL COMMENT '项目基础信息表id',
  `repeat_degree` varchar(255) CHARACTER SET utf8mb4 COLLATE utf8mb4_general_ci NULL DEFAULT NULL COMMENT '产品/赛道重合度',
  `feasibility` varchar(255) CHARACTER SET utf8mb4 COLLATE utf8mb4_general_ci NULL DEFAULT NULL COMMENT '产品技术应用可行性',
  `communication` varchar(255) CHARACTER SET utf8mb4 COLLATE utf8mb4_general_ci NULL DEFAULT NULL COMMENT '见客户交流情况',
  `approval_status` char(1) CHARACTER SET utf8mb4 COLLATE utf8mb4_general_ci NULL DEFAULT NULL COMMENT '是否通过 0不通过 1通过',
  `approval_by` varchar(255) CHARACTER SET utf8mb4 COLLATE utf8mb4_general_ci NULL DEFAULT NULL COMMENT '操作人',
  `approval_time` datetime NULL DEFAULT NULL COMMENT '操作时间',
  PRIMARY KEY (`id`) USING BTREE
) ENGINE = InnoDB AUTO_INCREMENT = 1 CHARACTER SET = utf8mb4 COLLATE = utf8mb4_general_ci COMMENT = '方案部审批' ROW_FORMAT = Dynamic;

-- ----------------------------
-- Records of fangan
-- ----------------------------

-- ----------------------------
-- Table structure for jiaofu
-- ----------------------------
DROP TABLE IF EXISTS `jiaofu`;
CREATE TABLE `jiaofu`  (
  `id` int(11) NOT NULL AUTO_INCREMENT COMMENT '主键',
  `base_id` int(11) NULL DEFAULT NULL COMMENT '项目基础信息表id',
  `scope` varchar(255) CHARACTER SET utf8mb4 COLLATE utf8mb4_general_ci NULL DEFAULT NULL COMMENT '交付服务范围',
  `type` char(1) CHARACTER SET utf8mb4 COLLATE utf8mb4_general_ci NULL DEFAULT NULL COMMENT '交付形式 0轻量化交付 1整体交付',
  `is_explicit` char(1) CHARACTER SET utf8mb4 COLLATE utf8mb4_general_ci NULL DEFAULT NULL COMMENT '付款节点和验收流程是否明确 0不明确 1明确',
  `approval_status` char(1) CHARACTER SET utf8mb4 COLLATE utf8mb4_general_ci NULL DEFAULT NULL COMMENT '是否通过 0不通过 1通过',
  `approval_by` varchar(255) CHARACTER SET utf8mb4 COLLATE utf8mb4_general_ci NULL DEFAULT NULL COMMENT '操作人',
  `approval_time` datetime NULL DEFAULT NULL COMMENT '操作时间',
  PRIMARY KEY (`id`) USING BTREE
) ENGINE = InnoDB AUTO_INCREMENT = 1 CHARACTER SET = utf8mb4 COLLATE = utf8mb4_general_ci COMMENT = '交付部审批' ROW_FORMAT = Dynamic;

-- ----------------------------
-- Records of jiaofu
-- ----------------------------

-- ----------------------------
-- Table structure for pingtai
-- ----------------------------
DROP TABLE IF EXISTS `pingtai`;
CREATE TABLE `pingtai`  (
  `id` int(11) NOT NULL AUTO_INCREMENT COMMENT '主键',
  `base_id` int(11) NULL DEFAULT NULL COMMENT '项目基础信息表id',
  `is_risk` char(1) CHARACTER SET utf8mb4 COLLATE utf8mb4_general_ci NULL DEFAULT NULL COMMENT '是否有技术风险 0否 1是',
  `version` varchar(255) CHARACTER SET utf8mb4 COLLATE utf8mb4_general_ci NULL DEFAULT NULL COMMENT '平台产品版本',
  `is_share` char(1) CHARACTER SET utf8mb4 COLLATE utf8mb4_general_ci NULL DEFAULT NULL COMMENT '部分是否可由交付开发 0否1是',
  `month` int(11) NULL DEFAULT NULL COMMENT '预计开发周期  单位为月',
  `approval_status` char(1) CHARACTER SET utf8mb4 COLLATE utf8mb4_general_ci NULL DEFAULT NULL COMMENT '是否通过 0不通过 1通过',
  `approval_by` varchar(255) CHARACTER SET utf8mb4 COLLATE utf8mb4_general_ci NULL DEFAULT NULL COMMENT '操作人',
  `approval_time` datetime NULL DEFAULT NULL COMMENT '操作时间',
  PRIMARY KEY (`id`) USING BTREE
) ENGINE = InnoDB AUTO_INCREMENT = 1 CHARACTER SET = utf8mb4 COLLATE = utf8mb4_general_ci COMMENT = '平台部审批' ROW_FORMAT = Dynamic;

-- ----------------------------
-- Records of pingtai
-- ----------------------------

-- ----------------------------
-- Table structure for project_approval
-- ----------------------------
DROP TABLE IF EXISTS `project_approval`;
CREATE TABLE `project_approval`  (
  `id` int(11) NOT NULL AUTO_INCREMENT COMMENT '主键id',
  `base_id` int(11) NULL DEFAULT NULL COMMENT '项目基础信息表id',
  `file` text CHARACTER SET utf8mb4 COLLATE utf8mb4_general_ci NULL COMMENT '合同协议',
  `price` decimal(11, 2) NULL DEFAULT NULL COMMENT '合同金额',
  `make_by` varchar(255) CHARACTER SET utf8mb4 COLLATE utf8mb4_general_ci NULL DEFAULT NULL COMMENT '制作人',
  `make_date` date NULL DEFAULT NULL COMMENT '制作日期',
  PRIMARY KEY (`id`) USING BTREE
) ENGINE = InnoDB AUTO_INCREMENT = 1 CHARACTER SET = utf8mb4 COLLATE = utf8mb4_general_ci COMMENT = '立项评审表' ROW_FORMAT = Dynamic;

-- ----------------------------
-- Records of project_approval
-- ----------------------------

-- ----------------------------
-- Table structure for project_base
-- ----------------------------
DROP TABLE IF EXISTS `project_base`;
CREATE TABLE `project_base`  (
  `id` int(11) NOT NULL AUTO_INCREMENT COMMENT '主键id',
  `client_manager` varchar(255) CHARACTER SET utf8mb4 COLLATE utf8mb4_general_ci NULL DEFAULT NULL COMMENT '客户经理',
  `project_manager` varchar(255) CHARACTER SET utf8mb4 COLLATE utf8mb4_general_ci NULL DEFAULT NULL COMMENT '项目经理',
  `init_date` date NULL DEFAULT NULL COMMENT '报备时间',
  `project_name` varchar(255) CHARACTER SET utf8mb4 COLLATE utf8mb4_general_ci NULL DEFAULT NULL COMMENT '项目名称',
  `base_info` varchar(255) CHARACTER SET utf8mb4 COLLATE utf8mb4_general_ci NULL DEFAULT NULL COMMENT '项目基本信息',
  `money_source` varchar(255) CHARACTER SET utf8mb4 COLLATE utf8mb4_general_ci NULL DEFAULT NULL COMMENT '项目资金到位情况及来源',
  `main_product` varchar(255) CHARACTER SET utf8mb4 COLLATE utf8mb4_general_ci NULL DEFAULT NULL COMMENT '主要产品',
  `exam_time` varchar(255) CHARACTER SET utf8mb4 COLLATE utf8mb4_general_ci NULL DEFAULT NULL COMMENT '客户是否过项目审查会（过审时间）',
  `project_stage` varchar(255) CHARACTER SET utf8mb4 COLLATE utf8mb4_general_ci NULL DEFAULT NULL COMMENT '项目到什么阶段了',
  `project_from` varchar(255) CHARACTER SET utf8mb4 COLLATE utf8mb4_general_ci NULL DEFAULT NULL COMMENT '项目获取方式',
  `client_name` varchar(255) CHARACTER SET utf8mb4 COLLATE utf8mb4_general_ci NULL DEFAULT NULL COMMENT '客户名称详细',
  `tender_unit` varchar(255) CHARACTER SET utf8mb4 COLLATE utf8mb4_general_ci NULL DEFAULT NULL COMMENT '招标单位',
  `tender_person` varchar(255) CHARACTER SET utf8mb4 COLLATE utf8mb4_general_ci NULL DEFAULT NULL COMMENT '联系人',
  `tender_dept` varchar(255) CHARACTER SET utf8mb4 COLLATE utf8mb4_general_ci NULL DEFAULT NULL COMMENT '部门/职务',
  `use_unit` varchar(255) CHARACTER SET utf8mb4 COLLATE utf8mb4_general_ci NULL DEFAULT NULL COMMENT '使用单位',
  `use_person` varchar(255) CHARACTER SET utf8mb4 COLLATE utf8mb4_general_ci NULL DEFAULT NULL COMMENT '联系人',
  `use_dept` varchar(255) CHARACTER SET utf8mb4 COLLATE utf8mb4_general_ci NULL DEFAULT NULL COMMENT '部门/职务',
  `predict_time` date NULL DEFAULT NULL COMMENT '项目预计招标或签约时间',
  `sign_unit` varchar(255) CHARACTER SET utf8mb4 COLLATE utf8mb4_general_ci NULL DEFAULT NULL COMMENT '签约单位',
  `type` varchar(255) CHARACTER SET utf8mb4 COLLATE utf8mb4_general_ci NULL DEFAULT NULL COMMENT '所属产品【单选，必填】1.桥梁防撞 2.限高架 3.地保 4.边缘计算 5.园区应急 6.疾控应急 7.交通应急 8.园区应急 9.其它',
  `code_needs` varchar(255) CHARACTER SET utf8mb4 COLLATE utf8mb4_general_ci NULL DEFAULT NULL COMMENT '定制开发1硬件 2平台 3算法【多选】',
  `description` varchar(255) CHARACTER SET utf8mb4 COLLATE utf8mb4_general_ci NULL DEFAULT NULL COMMENT '需求描述',
  `file` text CHARACTER SET utf8mb4 COLLATE utf8mb4_general_ci NULL COMMENT '资料文件',
  `create_by` varchar(255) CHARACTER SET utf8mb4 COLLATE utf8mb4_general_ci NULL DEFAULT NULL COMMENT '创建人id',
  `create_time` datetime NULL DEFAULT NULL COMMENT '填表时间',
  `delete_status` char(1) CHARACTER SET utf8mb4 COLLATE utf8mb4_general_ci NULL DEFAULT '0' COMMENT '0未删除 1已删除',
  PRIMARY KEY (`id`) USING BTREE
) ENGINE = InnoDB AUTO_INCREMENT = 2 CHARACTER SET = utf8mb4 COLLATE = utf8mb4_general_ci COMMENT = '项目报备立项表基本信息' ROW_FORMAT = Dynamic;

-- ----------------------------
-- Records of project_base
-- ----------------------------
INSERT INTO `project_base` VALUES (1, '客户经理1', '项目经理1', '2024-02-26', '项目1', '项目基本信息1', '资金来源1', '主要产品1', '客户过了项目审查会', '阶段1', '获取方式1', '客户名称1', '招标单位1', '联系人1', '部门1', '使用单位1', '使用人1', '使用部门1', '2024-02-28', '签约单位1', '1', '2', '描述1', '文件1', '1', '2024-02-26 11:05:58', '0');

-- ----------------------------
-- Table structure for project_price
-- ----------------------------
DROP TABLE IF EXISTS `project_price`;
CREATE TABLE `project_price`  (
  `id` int(11) NOT NULL AUTO_INCREMENT COMMENT '主键id',
  `base_id` int(11) NULL DEFAULT NULL COMMENT '项目基础信息表id',
  `file` text CHARACTER SET utf8mb4 COLLATE utf8mb4_general_ci NULL COMMENT '报价文件',
  `make_dept` varchar(255) CHARACTER SET utf8mb4 COLLATE utf8mb4_general_ci NULL DEFAULT NULL COMMENT '1交付 2方案',
  `price` decimal(11, 2) NULL DEFAULT NULL COMMENT '报价金额',
  `confirm_by` varchar(255) CHARACTER SET utf8mb4 COLLATE utf8mb4_general_ci NULL DEFAULT NULL COMMENT '确认人',
  `confirm_date` date NULL DEFAULT NULL COMMENT ' 确认日期',
  PRIMARY KEY (`id`) USING BTREE
) ENGINE = InnoDB AUTO_INCREMENT = 1 CHARACTER SET = utf8mb4 COLLATE = utf8mb4_general_ci COMMENT = '项目报价表' ROW_FORMAT = Dynamic;

-- ----------------------------
-- Records of project_price
-- ----------------------------

-- ----------------------------
-- Table structure for quyu
-- ----------------------------
DROP TABLE IF EXISTS `quyu`;
CREATE TABLE `quyu`  (
  `id` int(11) NOT NULL AUTO_INCREMENT COMMENT '主键',
  `base_id` int(11) NULL DEFAULT NULL COMMENT '项目基础信息表id',
  `is_arrive` char(1) CHARACTER SET utf8mb4 COLLATE utf8mb4_general_ci NULL DEFAULT NULL COMMENT '项目资金是否到位  0否 1是',
  `evaluation` varchar(255) CHARACTER SET utf8mb4 COLLATE utf8mb4_general_ci NULL DEFAULT NULL COMMENT '项目最低利润空间评判',
  `is_pay` char(1) CHARACTER SET utf8mb4 COLLATE utf8mb4_general_ci NULL DEFAULT NULL COMMENT '是否有预付款 0否1是',
  `pay_time` date NULL DEFAULT NULL COMMENT '回款时间约定',
  `approval_status` char(1) CHARACTER SET utf8mb4 COLLATE utf8mb4_general_ci NULL DEFAULT NULL COMMENT '是否通过 0不通过 1通过',
  `approval_by` varchar(255) CHARACTER SET utf8mb4 COLLATE utf8mb4_general_ci NULL DEFAULT NULL COMMENT '操作人',
  `approval_time` datetime NULL DEFAULT NULL COMMENT '操作时间',
  PRIMARY KEY (`id`) USING BTREE
) ENGINE = InnoDB AUTO_INCREMENT = 1 CHARACTER SET = utf8mb4 COLLATE = utf8mb4_general_ci COMMENT = '区域部审批' ROW_FORMAT = Dynamic;

-- ----------------------------
-- Records of quyu
-- ----------------------------

-- ----------------------------
-- Table structure for shangwu
-- ----------------------------
DROP TABLE IF EXISTS `shangwu`;
CREATE TABLE `shangwu`  (
  `id` int(11) NOT NULL AUTO_INCREMENT COMMENT '主键',
  `base_id` int(11) NULL DEFAULT NULL COMMENT '项目基础信息表id',
  `is_sign` char(1) CHARACTER SET utf8mb4 COLLATE utf8mb4_general_ci NULL DEFAULT NULL COMMENT '是否通过投标落地，是则签订项目合作协议书为前提 0否1是',
  `is_need` char(1) CHARACTER SET utf8mb4 COLLATE utf8mb4_general_ci NULL DEFAULT NULL COMMENT '报备同时需备库存，提供需求清单和建议清单包括可供可选清单 0否1是',
  `first` int(11) NULL DEFAULT NULL COMMENT '首付',
  `arrive` int(11) NULL DEFAULT NULL COMMENT '设备到货',
  `online` int(11) NULL DEFAULT NULL COMMENT '系统上线验收',
  `promise` int(11) NULL DEFAULT NULL COMMENT '质保金\r\n',
  `approval_status` char(1) CHARACTER SET utf8mb4 COLLATE utf8mb4_general_ci NULL DEFAULT NULL COMMENT '是否通过 0不通过 1通过',
  `approval_by` varchar(255) CHARACTER SET utf8mb4 COLLATE utf8mb4_general_ci NULL DEFAULT NULL COMMENT '操作人',
  `approval_time` datetime NULL DEFAULT NULL COMMENT '操作时间',
  PRIMARY KEY (`id`) USING BTREE
) ENGINE = InnoDB AUTO_INCREMENT = 1 CHARACTER SET = utf8mb4 COLLATE = utf8mb4_general_ci COMMENT = '商务部审批' ROW_FORMAT = Dynamic;

-- ----------------------------
-- Records of shangwu
-- ----------------------------

-- ----------------------------
-- Table structure for shengtai
-- ----------------------------
DROP TABLE IF EXISTS `shengtai`;
CREATE TABLE `shengtai`  (
  `id` int(11) NOT NULL AUTO_INCREMENT COMMENT '主键',
  `base_id` int(11) NULL DEFAULT NULL COMMENT '项目基础信息表id',
  `price` decimal(11, 2) NULL DEFAULT NULL COMMENT '项目金额',
  `solution` varchar(255) CHARACTER SET utf8mb4 COLLATE utf8mb4_general_ci NULL DEFAULT NULL COMMENT '项目涉及的产品及解决方案\r\n',
  `background` varchar(255) CHARACTER SET utf8mb4 COLLATE utf8mb4_general_ci NULL DEFAULT NULL COMMENT '项目背景',
  `relation` varchar(255) CHARACTER SET utf8mb4 COLLATE utf8mb4_general_ci NULL DEFAULT NULL COMMENT '客情关系',
  `situation` varchar(255) CHARACTER SET utf8mb4 COLLATE utf8mb4_general_ci NULL DEFAULT NULL COMMENT '竞争态势',
  `risk` varchar(255) CHARACTER SET utf8mb4 COLLATE utf8mb4_general_ci NULL DEFAULT NULL COMMENT '风险点',
  `approval_status` char(1) CHARACTER SET utf8mb4 COLLATE utf8mb4_general_ci NULL DEFAULT NULL COMMENT '是否通过 0不通过 1通过',
  `approval_by` varchar(255) CHARACTER SET utf8mb4 COLLATE utf8mb4_general_ci NULL DEFAULT NULL COMMENT '操作人',
  `approval_time` datetime NULL DEFAULT NULL COMMENT '操作时间',
  PRIMARY KEY (`id`) USING BTREE
) ENGINE = InnoDB AUTO_INCREMENT = 1 CHARACTER SET = utf8mb4 COLLATE = utf8mb4_general_ci COMMENT = '生态部审批' ROW_FORMAT = Dynamic;

-- ----------------------------
-- Records of shengtai
-- ----------------------------

SET FOREIGN_KEY_CHECKS = 1;
